error,mode,syndrome_r0,syndrome_r1,syndrome_r2
A:data0:X,reset,10000000,10000000,10000000
A:data0:X,noreset,10000000,00000000,10000000
A:data0:Y,reset,10001000,10001000,10001000
A:data0:Y,noreset,10001000,00000000,10001000
A:data0:Z,reset,00001000,00001000,00001000
A:data0:Z,noreset,00001000,00000000,00001000
A:data1:X,reset,10000000,10000000,10000000
A:data1:X,noreset,10000000,00000000,10000000
A:data1:Y,reset,10001100,10001100,10001100
A:data1:Y,noreset,10001100,00000000,10001100
A:data1:Z,reset,00001100,00001100,00001100
A:data1:Z,noreset,00001100,00000000,00001100
A:data2:X,reset,01000000,01000000,01000000
A:data2:X,noreset,01000000,00000000,01000000
A:data2:Y,reset,01000100,01000100,01000100
A:data2:Y,noreset,01000100,00000000,01000100
A:data2:Z,reset,00000100,00000100,00000100
A:data2:Z,noreset,00000100,00000000,00000100
A:data3:X,reset,10100000,10100000,10100000
A:data3:X,noreset,10100000,00000000,10100000
A:data3:Y,reset,10100010,10100010,10100010
A:data3:Y,noreset,10100010,00000000,10100010
A:data3:Z,reset,00000010,00000010,00000010
A:data3:Z,noreset,00000010,00000000,00000010
A:data4:X,reset,10010000,10010000,10010000
A:data4:X,noreset,10010000,00000000,10010000
A:data4:Y,reset,10010110,10010110,10010110
A:data4:Y,noreset,10010110,00000000,10010110
A:data4:Z,reset,00000110,00000110,00000110
A:data4:Z,noreset,00000110,00000000,00000110
A:data5:X,reset,01010000,01010000,01010000
A:data5:X,noreset,01010000,00000000,01010000
A:data5:Y,reset,01010100,01010100,01010100
A:data5:Y,noreset,01010100,00000000,01010100
A:data5:Z,reset,00000100,00000100,00000100
A:data5:Z,noreset,00000100,00000000,00000100
A:data6:X,reset,00100000,00100000,00100000
A:data6:X,noreset,00100000,00000000,00100000
A:data6:Y,reset,00100010,00100010,00100010
A:data6:Y,noreset,00100010,00000000,00100010
A:data6:Z,reset,00000010,00000010,00000010
A:data6:Z,noreset,00000010,00000000,00000010
A:data7:X,reset,00010000,00010000,00010000
A:data7:X,noreset,00010000,00000000,00010000
A:data7:Y,reset,00010011,00010011,00010011
A:data7:Y,noreset,00010011,00000000,00010011
A:data7:Z,reset,00000011,00000011,00000011
A:data7:Z,noreset,00000011,00000000,00000011
A:data8:X,reset,00010000,00010000,00010000
A:data8:X,noreset,00010000,00000000,00010000
A:data8:Y,reset,00010001,00010001,00010001
A:data8:Y,noreset,00010001,00000000,00010001
A:data8:Z,reset,00000001,00000001,00000001
A:data8:Z,noreset,00000001,00000000,00000001
C:cnot00:IX,reset,10000000,00000000,00000000
C:cnot00:IX,noreset,10000000,10000000,10000000
C:cnot00:IY,reset,10001000,00001000,00001000
C:cnot00:IY,noreset,10001000,10000000,10001000
C:cnot00:IZ,reset,00001000,00001000,00001000
C:cnot00:IZ,noreset,00001000,00000000,00001000
C:cnot00:XI,reset,00000000,10000000,10000000
C:cnot00:XI,noreset,00000000,10000000,00000000
C:cnot00:XX,reset,10000000,10000000,10000000
C:cnot00:XX,noreset,10000000,00000000,10000000
C:cnot00:XY,reset,10001000,10001000,10001000
C:cnot00:XY,noreset,10001000,00000000,10001000
C:cnot00:XZ,reset,00001000,10001000,10001000
C:cnot00:XZ,noreset,00001000,10000000,00001000
C:cnot00:YI,reset,00001000,10001000,10001000
C:cnot00:YI,noreset,00001000,10000000,00001000
C:cnot00:YX,reset,10001000,10001000,10001000
C:cnot00:YX,noreset,10001000,00000000,10001000
C:cnot00:YY,reset,10000000,10000000,10000000
C:cnot00:YY,noreset,10000000,00000000,10000000
C:cnot00:YZ,reset,00000000,10000000,10000000
C:cnot00:YZ,noreset,00000000,10000000,00000000
C:cnot00:ZI,reset,00001000,00001000,00001000
C:cnot00:ZI,noreset,00001000,00000000,00001000
C:cnot00:ZX,reset,10001000,00001000,00001000
C:cnot00:ZX,noreset,10001000,10000000,10001000
C:cnot00:ZY,reset,10000000,00000000,00000000
C:cnot00:ZY,noreset,10000000,10000000,10000000
C:cnot00:ZZ,reset,00000000,00000000,00000000
C:cnot00:ZZ,noreset,00000000,00000000,00000000
C:cnot01:IX,reset,10000000,00000000,00000000
C:cnot01:IX,noreset,10000000,10000000,10000000
C:cnot01:IY,reset,10000100,00000100,00000100
C:cnot01:IY,noreset,10000100,10000000,10000100
C:cnot01:IZ,reset,00000100,00000100,00000100
C:cnot01:IZ,noreset,00000100,00000000,00000100
C:cnot01:XI,reset,00000000,10000000,10000000
C:cnot01:XI,noreset,00000000,10000000,00000000
C:cnot01:XX,reset,10000000,10000000,10000000
C:cnot01:XX,noreset,10000000,00000000,10000000
C:cnot01:XY,reset,10000100,10000100,10000100
C:cnot01:XY,noreset,10000100,00000000,10000100
C:cnot01:XZ,reset,00000100,10000100,10000100
C:cnot01:XZ,noreset,00000100,10000000,00000100
C:cnot01:YI,reset,00001100,10001100,10001100
C:cnot01:YI,noreset,00001100,10000000,00001100
C:cnot01:YX,reset,10001100,10001100,10001100
C:cnot01:YX,noreset,10001100,00000000,10001100
C:cnot01:YY,reset,10001000,10001000,10001000
C:cnot01:YY,noreset,10001000,00000000,10001000
C:cnot01:YZ,reset,00001000,10001000,10001000
C:cnot01:YZ,noreset,00001000,10000000,00001000
C:cnot01:ZI,reset,00001100,00001100,00001100
C:cnot01:ZI,noreset,00001100,00000000,00001100
C:cnot01:ZX,reset,10001100,00001100,00001100
C:cnot01:ZX,noreset,10001100,10000000,10001100
C:cnot01:ZY,reset,10001000,00001000,00001000
C:cnot01:ZY,noreset,10001000,10000000,10001000
C:cnot01:ZZ,reset,00001000,00001000,00001000
C:cnot01:ZZ,noreset,00001000,00000000,00001000
C:cnot02:IX,reset,10000000,00000000,00000000
C:cnot02:IX,noreset,10000000,10000000,10000000
C:cnot02:IY,reset,10000110,00000110,00000110
C:cnot02:IY,noreset,10000110,10000000,10000110
C:cnot02:IZ,reset,00000110,00000110,00000110
C:cnot02:IZ,noreset,00000110,00000000,00000110
C:cnot02:XI,reset,00100000,10100000,10100000
C:cnot02:XI,noreset,00100000,10000000,00100000
C:cnot02:XX,reset,10100000,10100000,10100000
C:cnot02:XX,noreset,10100000,00000000,10100000
C:cnot02:XY,reset,10100110,10100110,10100110
C:cnot02:XY,noreset,10100110,00000000,10100110
C:cnot02:XZ,reset,00100110,10100110,10100110
C:cnot02:XZ,noreset,00100110,10000000,00100110
C:cnot02:YI,reset,00100010,10100010,10100010
C:cnot02:YI,noreset,00100010,10000000,00100010
C:cnot02:YX,reset,10100010,10100010,10100010
C:cnot02:YX,noreset,10100010,00000000,10100010
C:cnot02:YY,reset,10100100,10100100,10100100
C:cnot02:YY,noreset,10100100,00000000,10100100
C:cnot02:YZ,reset,00100100,10100100,10100100
C:cnot02:YZ,noreset,00100100,10000000,00100100
C:cnot02:ZI,reset,00000010,00000010,00000010
C:cnot02:ZI,noreset,00000010,00000000,00000010
C:cnot02:ZX,reset,10000010,00000010,00000010
C:cnot02:ZX,noreset,10000010,10000000,10000010
C:cnot02:ZY,reset,10000100,00000100,00000100
C:cnot02:ZY,noreset,10000100,10000000,10000100
C:cnot02:ZZ,reset,00000100,00000100,00000100
C:cnot02:ZZ,noreset,00000100,00000000,00000100
C:cnot03:IX,reset,10000000,00000000,00000000
C:cnot03:IX,noreset,10000000,10000000,10000000
C:cnot03:IY,reset,10000000,00000000,00000000
C:cnot03:IY,noreset,10000000,10000000,10000000
C:cnot03:IZ,reset,00000000,00000000,00000000
C:cnot03:IZ,noreset,00000000,00000000,00000000
C:cnot03:XI,reset,00010000,10010000,10010000
C:cnot03:XI,noreset,00010000,10000000,00010000
C:cnot03:XX,reset,10010000,10010000,10010000
C:cnot03:XX,noreset,10010000,00000000,10010000
C:cnot03:XY,reset,10010000,10010000,10010000
C:cnot03:XY,noreset,10010000,00000000,10010000
C:cnot03:XZ,reset,00010000,10010000,10010000
C:cnot03:XZ,noreset,00010000,10000000,00010000
C:cnot03:YI,reset,00010110,10010110,10010110
C:cnot03:YI,noreset,00010110,10000000,00010110
C:cnot03:YX,reset,10010110,10010110,10010110
C:cnot03:YX,noreset,10010110,00000000,10010110
C:cnot03:YY,reset,10010110,10010110,10010110
C:cnot03:YY,noreset,10010110,00000000,10010110
C:cnot03:YZ,reset,00010110,10010110,10010110
C:cnot03:YZ,noreset,00010110,10000000,00010110
C:cnot03:ZI,reset,00000110,00000110,00000110
C:cnot03:ZI,noreset,00000110,00000000,00000110
C:cnot03:ZX,reset,10000110,00000110,00000110
C:cnot03:ZX,noreset,10000110,10000000,10000110
C:cnot03:ZY,reset,10000110,00000110,00000110
C:cnot03:ZY,noreset,10000110,10000000,10000110
C:cnot03:ZZ,reset,00000110,00000110,00000110
C:cnot03:ZZ,noreset,00000110,00000000,00000110
C:cnot04:IX,reset,01000000,00000000,00000000
C:cnot04:IX,noreset,01000000,01000000,01000000
C:cnot04:IY,reset,01000100,00000100,00000100
C:cnot04:IY,noreset,01000100,01000000,01000100
C:cnot04:IZ,reset,00000100,00000100,00000100
C:cnot04:IZ,noreset,00000100,00000000,00000100
C:cnot04:XI,reset,00000000,01000000,01000000
C:cnot04:XI,noreset,00000000,01000000,00000000
C:cnot04:XX,reset,01000000,01000000,01000000
C:cnot04:XX,noreset,01000000,00000000,01000000
C:cnot04:XY,reset,01000100,01000100,01000100
C:cnot04:XY,noreset,01000100,00000000,01000100
C:cnot04:XZ,reset,00000100,01000100,01000100
C:cnot04:XZ,noreset,00000100,01000000,00000100
C:cnot04:YI,reset,00000100,01000100,01000100
C:cnot04:YI,noreset,00000100,01000000,00000100
C:cnot04:YX,reset,01000100,01000100,01000100
C:cnot04:YX,noreset,01000100,00000000,01000100
C:cnot04:YY,reset,01000000,01000000,01000000
C:cnot04:YY,noreset,01000000,00000000,01000000
C:cnot04:YZ,reset,00000000,01000000,01000000
C:cnot04:YZ,noreset,00000000,01000000,00000000
C:cnot04:ZI,reset,00000100,00000100,00000100
C:cnot04:ZI,noreset,00000100,00000000,00000100
C:cnot04:ZX,reset,01000100,00000100,00000100
C:cnot04:ZX,noreset,01000100,01000000,01000100
C:cnot04:ZY,reset,01000000,00000000,00000000
C:cnot04:ZY,noreset,01000000,01000000,01000000
C:cnot04:ZZ,reset,00000000,00000000,00000000
C:cnot04:ZZ,noreset,00000000,00000000,00000000
C:cnot05:IX,reset,01000000,00000000,00000000
C:cnot05:IX,noreset,01000000,01000000,01000000
C:cnot05:IY,reset,01000000,00000000,00000000
C:cnot05:IY,noreset,01000000,01000000,01000000
C:cnot05:IZ,reset,00000000,00000000,00000000
C:cnot05:IZ,noreset,00000000,00000000,00000000
C:cnot05:XI,reset,00010000,01010000,01010000
C:cnot05:XI,noreset,00010000,01000000,00010000
C:cnot05:XX,reset,01010000,01010000,01010000
C:cnot05:XX,noreset,01010000,00000000,01010000
C:cnot05:XY,reset,01010000,01010000,01010000
C:cnot05:XY,noreset,01010000,00000000,01010000
C:cnot05:XZ,reset,00010000,01010000,01010000
C:cnot05:XZ,noreset,00010000,01000000,00010000
C:cnot05:YI,reset,00010100,01010100,01010100
C:cnot05:YI,noreset,00010100,01000000,00010100
C:cnot05:YX,reset,01010100,01010100,01010100
C:cnot05:YX,noreset,01010100,00000000,01010100
C:cnot05:YY,reset,01010100,01010100,01010100
C:cnot05:YY,noreset,01010100,00000000,01010100
C:cnot05:YZ,reset,00010100,01010100,01010100
C:cnot05:YZ,noreset,00010100,01000000,00010100
C:cnot05:ZI,reset,00000100,00000100,00000100
C:cnot05:ZI,noreset,00000100,00000000,00000100
C:cnot05:ZX,reset,01000100,00000100,00000100
C:cnot05:ZX,noreset,01000100,01000000,01000100
C:cnot05:ZY,reset,01000100,00000100,00000100
C:cnot05:ZY,noreset,01000100,01000000,01000100
C:cnot05:ZZ,reset,00000100,00000100,00000100
C:cnot05:ZZ,noreset,00000100,00000000,00000100
C:cnot06:IX,reset,00100000,00000000,00000000
C:cnot06:IX,noreset,00100000,00100000,00100000
C:cnot06:IY,reset,00100010,00000010,00000010
C:cnot06:IY,noreset,00100010,00100000,00100010
C:cnot06:IZ,reset,00000010,00000010,00000010
C:cnot06:IZ,noreset,00000010,00000000,00000010
C:cnot06:XI,reset,00000000,10100000,10100000
C:cnot06:XI,noreset,00000000,10100000,00000000
C:cnot06:XX,reset,00100000,10100000,10100000
C:cnot06:XX,noreset,00100000,10000000,00100000
C:cnot06:XY,reset,00100010,10100010,10100010
C:cnot06:XY,noreset,00100010,10000000,00100010
C:cnot06:XZ,reset,00000010,10100010,10100010
C:cnot06:XZ,noreset,00000010,10100000,00000010
C:cnot06:YI,reset,00000010,10100010,10100010
C:cnot06:YI,noreset,00000010,10100000,00000010
C:cnot06:YX,reset,00100010,10100010,10100010
C:cnot06:YX,noreset,00100010,10000000,00100010
C:cnot06:YY,reset,00100000,10100000,10100000
C:cnot06:YY,noreset,00100000,10000000,00100000
C:cnot06:YZ,reset,00000000,10100000,10100000
C:cnot06:YZ,noreset,00000000,10100000,00000000
C:cnot06:ZI,reset,00000010,00000010,00000010
C:cnot06:ZI,noreset,00000010,00000000,00000010
C:cnot06:ZX,reset,00100010,00000010,00000010
C:cnot06:ZX,noreset,00100010,00100000,00100010
C:cnot06:ZY,reset,00100000,00000000,00000000
C:cnot06:ZY,noreset,00100000,00100000,00100000
C:cnot06:ZZ,reset,00000000,00000000,00000000
C:cnot06:ZZ,noreset,00000000,00000000,00000000
C:cnot07:IX,reset,00100000,00000000,00000000
C:cnot07:IX,noreset,00100000,00100000,00100000
C:cnot07:IY,reset,00100000,00000000,00000000
C:cnot07:IY,noreset,00100000,00100000,00100000
C:cnot07:IZ,reset,00000000,00000000,00000000
C:cnot07:IZ,noreset,00000000,00000000,00000000
C:cnot07:XI,reset,00000000,00100000,00100000
C:cnot07:XI,noreset,00000000,00100000,00000000
C:cnot07:XX,reset,00100000,00100000,00100000
C:cnot07:XX,noreset,00100000,00000000,00100000
C:cnot07:XY,reset,00100000,00100000,00100000
C:cnot07:XY,noreset,00100000,00000000,00100000
C:cnot07:XZ,reset,00000000,00100000,00100000
C:cnot07:XZ,noreset,00000000,00100000,00000000
C:cnot07:YI,reset,00000010,00100010,00100010
C:cnot07:YI,noreset,00000010,00100000,00000010
C:cnot07:YX,reset,00100010,00100010,00100010
C:cnot07:YX,noreset,00100010,00000000,00100010
C:cnot07:YY,reset,00100010,00100010,00100010
C:cnot07:YY,noreset,00100010,00000000,00100010
C:cnot07:YZ,reset,00000010,00100010,00100010
C:cnot07:YZ,noreset,00000010,00100000,00000010
C:cnot07:ZI,reset,00000010,00000010,00000010
C:cnot07:ZI,noreset,00000010,00000000,00000010
C:cnot07:ZX,reset,00100010,00000010,00000010
C:cnot07:ZX,noreset,00100010,00100000,00100010
C:cnot07:ZY,reset,00100010,00000010,00000010
C:cnot07:ZY,noreset,00100010,00100000,00100010
C:cnot07:ZZ,reset,00000010,00000010,00000010
C:cnot07:ZZ,noreset,00000010,00000000,00000010
C:cnot08:IX,reset,00010000,00000000,00000000
C:cnot08:IX,noreset,00010000,00010000,00010000
C:cnot08:IY,reset,00010110,00000110,00000110
C:cnot08:IY,noreset,00010110,00010000,00010110
C:cnot08:IZ,reset,00000110,00000110,00000110
C:cnot08:IZ,noreset,00000110,00000000,00000110
C:cnot08:XI,reset,00000000,10010000,10010000
C:cnot08:XI,noreset,00000000,10010000,00000000
C:cnot08:XX,reset,00010000,10010000,10010000
C:cnot08:XX,noreset,00010000,10000000,00010000
C:cnot08:XY,reset,00010110,10010110,10010110
C:cnot08:XY,noreset,00010110,10000000,00010110
C:cnot08:XZ,reset,00000110,10010110,10010110
C:cnot08:XZ,noreset,00000110,10010000,00000110
C:cnot08:YI,reset,00000110,10010110,10010110
C:cnot08:YI,noreset,00000110,10010000,00000110
C:cnot08:YX,reset,00010110,10010110,10010110
C:cnot08:YX,noreset,00010110,10000000,00010110
C:cnot08:YY,reset,00010000,10010000,10010000
C:cnot08:YY,noreset,00010000,10000000,00010000
C:cnot08:YZ,reset,00000000,10010000,10010000
C:cnot08:YZ,noreset,00000000,10010000,00000000
C:cnot08:ZI,reset,00000110,00000110,00000110
C:cnot08:ZI,noreset,00000110,00000000,00000110
C:cnot08:ZX,reset,00010110,00000110,00000110
C:cnot08:ZX,noreset,00010110,00010000,00010110
C:cnot08:ZY,reset,00010000,00000000,00000000
C:cnot08:ZY,noreset,00010000,00010000,00010000
C:cnot08:ZZ,reset,00000000,00000000,00000000
C:cnot08:ZZ,noreset,00000000,00000000,00000000
C:cnot09:IX,reset,00010000,00000000,00000000
C:cnot09:IX,noreset,00010000,00010000,00010000
C:cnot09:IY,reset,00010010,00000010,00000010
C:cnot09:IY,noreset,00010010,00010000,00010010
C:cnot09:IZ,reset,00000010,00000010,00000010
C:cnot09:IZ,noreset,00000010,00000000,00000010
C:cnot09:XI,reset,00000000,01010000,01010000
C:cnot09:XI,noreset,00000000,01010000,00000000
C:cnot09:XX,reset,00010000,01010000,01010000
C:cnot09:XX,noreset,00010000,01000000,00010000
C:cnot09:XY,reset,00010010,01010010,01010010
C:cnot09:XY,noreset,00010010,01000000,00010010
C:cnot09:XZ,reset,00000010,01010010,01010010
C:cnot09:XZ,noreset,00000010,01010000,00000010
C:cnot09:YI,reset,00000100,01010100,01010100
C:cnot09:YI,noreset,00000100,01010000,00000100
C:cnot09:YX,reset,00010100,01010100,01010100
C:cnot09:YX,noreset,00010100,01000000,00010100
C:cnot09:YY,reset,00010110,01010110,01010110
C:cnot09:YY,noreset,00010110,01000000,00010110
C:cnot09:YZ,reset,00000110,01010110,01010110
C:cnot09:YZ,noreset,00000110,01010000,00000110
C:cnot09:ZI,reset,00000100,00000100,00000100
C:cnot09:ZI,noreset,00000100,00000000,00000100
C:cnot09:ZX,reset,00010100,00000100,00000100
C:cnot09:ZX,noreset,00010100,00010000,00010100
C:cnot09:ZY,reset,00010110,00000110,00000110
C:cnot09:ZY,noreset,00010110,00010000,00010110
C:cnot09:ZZ,reset,00000110,00000110,00000110
C:cnot09:ZZ,noreset,00000110,00000000,00000110
C:cnot10:IX,reset,00010000,00000000,00000000
C:cnot10:IX,noreset,00010000,00010000,00010000
C:cnot10:IY,reset,00010001,00000001,00000001
C:cnot10:IY,noreset,00010001,00010000,00010001
C:cnot10:IZ,reset,00000001,00000001,00000001
C:cnot10:IZ,noreset,00000001,00000000,00000001
C:cnot10:XI,reset,00000000,00010000,00010000
C:cnot10:XI,noreset,00000000,00010000,00000000
C:cnot10:XX,reset,00010000,00010000,00010000
C:cnot10:XX,noreset,00010000,00000000,00010000
C:cnot10:XY,reset,00010001,00010001,00010001
C:cnot10:XY,noreset,00010001,00000000,00010001
C:cnot10:XZ,reset,00000001,00010001,00010001
C:cnot10:XZ,noreset,00000001,00010000,00000001
C:cnot10:YI,reset,00000011,00010011,00010011
C:cnot10:YI,noreset,00000011,00010000,00000011
C:cnot10:YX,reset,00010011,00010011,00010011
C:cnot10:YX,noreset,00010011,00000000,00010011
C:cnot10:YY,reset,00010010,00010010,00010010
C:cnot10:YY,noreset,00010010,00000000,00010010
C:cnot10:YZ,reset,00000010,00010010,00010010
C:cnot10:YZ,noreset,00000010,00010000,00000010
C:cnot10:ZI,reset,00000011,00000011,00000011
C:cnot10:ZI,noreset,00000011,00000000,00000011
C:cnot10:ZX,reset,00010011,00000011,00000011
C:cnot10:ZX,noreset,00010011,00010000,00010011
C:cnot10:ZY,reset,00010010,00000010,00000010
C:cnot10:ZY,noreset,00010010,00010000,00010010
C:cnot10:ZZ,reset,00000010,00000010,00000010
C:cnot10:ZZ,noreset,00000010,00000000,00000010
C:cnot11:IX,reset,00010000,00000000,00000000
C:cnot11:IX,noreset,00010000,00010000,00010000
C:cnot11:IY,reset,00010000,00000000,00000000
C:cnot11:IY,noreset,00010000,00010000,00010000
C:cnot11:IZ,reset,00000000,00000000,00000000
C:cnot11:IZ,noreset,00000000,00000000,00000000
C:cnot11:XI,reset,00000000,00010000,00010000
C:cnot11:XI,noreset,00000000,00010000,00000000
C:cnot11:XX,reset,00010000,00010000,00010000
C:cnot11:XX,noreset,00010000,00000000,00010000
C:cnot11:XY,reset,00010000,00010000,00010000
C:cnot11:XY,noreset,00010000,00000000,00010000
C:cnot11:XZ,reset,00000000,00010000,00010000
C:cnot11:XZ,noreset,00000000,00010000,00000000
C:cnot11:YI,reset,00000001,00010001,00010001
C:cnot11:YI,noreset,00000001,00010000,00000001
C:cnot11:YX,reset,00010001,00010001,00010001
C:cnot11:YX,noreset,00010001,00000000,00010001
C:cnot11:YY,reset,00010001,00010001,00010001
C:cnot11:YY,noreset,00010001,00000000,00010001
C:cnot11:YZ,reset,00000001,00010001,00010001
C:cnot11:YZ,noreset,00000001,00010000,00000001
C:cnot11:ZI,reset,00000001,00000001,00000001
C:cnot11:ZI,noreset,00000001,00000000,00000001
C:cnot11:ZX,reset,00010001,00000001,00000001
C:cnot11:ZX,noreset,00010001,00010000,00010001
C:cnot11:ZY,reset,00010001,00000001,00000001
C:cnot11:ZY,noreset,00010001,00010000,00010001
C:cnot11:ZZ,reset,00000001,00000001,00000001
C:cnot11:ZZ,noreset,00000001,00000000,00000001
C:cnot12:IX,reset,00000000,10000000,10000000
C:cnot12:IX,noreset,00000000,10000000,00000000
C:cnot12:IY,reset,00000000,10001000,10001000
C:cnot12:IY,noreset,00000000,10001000,00000000
C:cnot12:IZ,reset,00000000,00001000,00001000
C:cnot12:IZ,noreset,00000000,00001000,00000000
C:cnot12:XI,reset,00000000,10000000,10000000
C:cnot12:XI,noreset,00000000,10000000,00000000
C:cnot12:XX,reset,00000000,00000000,00000000
C:cnot12:XX,noreset,00000000,00000000,00000000
C:cnot12:XY,reset,00000000,00001000,00001000
C:cnot12:XY,noreset,00000000,00001000,00000000
C:cnot12:XZ,reset,00000000,10001000,10001000
C:cnot12:XZ,noreset,00000000,10001000,00000000
C:cnot12:YI,reset,00001000,10000000,10000000
C:cnot12:YI,noreset,00001000,10001000,00001000
C:cnot12:YX,reset,00001000,00000000,00000000
C:cnot12:YX,noreset,00001000,00001000,00001000
C:cnot12:YY,reset,00001000,00001000,00001000
C:cnot12:YY,noreset,00001000,00000000,00001000
C:cnot12:YZ,reset,00001000,10001000,10001000
C:cnot12:YZ,noreset,00001000,10000000,00001000
C:cnot12:ZI,reset,00001000,00000000,00000000
C:cnot12:ZI,noreset,00001000,00001000,00001000
C:cnot12:ZX,reset,00001000,10000000,10000000
C:cnot12:ZX,noreset,00001000,10001000,00001000
C:cnot12:ZY,reset,00001000,10001000,10001000
C:cnot12:ZY,noreset,00001000,10000000,00001000
C:cnot12:ZZ,reset,00001000,00001000,00001000
C:cnot12:ZZ,noreset,00001000,00000000,00001000
C:cnot13:IX,reset,00000000,10000000,10000000
C:cnot13:IX,noreset,00000000,10000000,00000000
C:cnot13:IY,reset,00000100,10001100,10001100
C:cnot13:IY,noreset,00000100,10001000,00000100
C:cnot13:IZ,reset,00000100,00001100,00001100
C:cnot13:IZ,noreset,00000100,00001000,00000100
C:cnot13:XI,reset,00000000,00000000,00000000
C:cnot13:XI,noreset,00000000,00000000,00000000
C:cnot13:XX,reset,00000000,10000000,10000000
C:cnot13:XX,noreset,00000000,10000000,00000000
C:cnot13:XY,reset,00000100,10001100,10001100
C:cnot13:XY,noreset,00000100,10001000,00000100
C:cnot13:XZ,reset,00000100,00001100,00001100
C:cnot13:XZ,noreset,00000100,00001000,00000100
C:cnot13:YI,reset,00001000,00000000,00000000
C:cnot13:YI,noreset,00001000,00001000,00001000
C:cnot13:YX,reset,00001000,10000000,10000000
C:cnot13:YX,noreset,00001000,10001000,00001000
C:cnot13:YY,reset,00001100,10001100,10001100
C:cnot13:YY,noreset,00001100,10000000,00001100
C:cnot13:YZ,reset,00001100,00001100,00001100
C:cnot13:YZ,noreset,00001100,00000000,00001100
C:cnot13:ZI,reset,00001000,00000000,00000000
C:cnot13:ZI,noreset,00001000,00001000,00001000
C:cnot13:ZX,reset,00001000,10000000,10000000
C:cnot13:ZX,noreset,00001000,10001000,00001000
C:cnot13:ZY,reset,00001100,10001100,10001100
C:cnot13:ZY,noreset,00001100,10000000,00001100
C:cnot13:ZZ,reset,00001100,00001100,00001100
C:cnot13:ZZ,noreset,00001100,00000000,00001100
C:cnot14:IX,reset,00000000,10000000,10000000
C:cnot14:IX,noreset,00000000,10000000,00000000
C:cnot14:IY,reset,00000000,10001100,10001100
C:cnot14:IY,noreset,00000000,10001100,00000000
C:cnot14:IZ,reset,00000000,00001100,00001100
C:cnot14:IZ,noreset,00000000,00001100,00000000
C:cnot14:XI,reset,00000000,10000000,10000000
C:cnot14:XI,noreset,00000000,10000000,00000000
C:cnot14:XX,reset,00000000,00000000,00000000
C:cnot14:XX,noreset,00000000,00000000,00000000
C:cnot14:XY,reset,00000000,00001100,00001100
C:cnot14:XY,noreset,00000000,00001100,00000000
C:cnot14:XZ,reset,00000000,10001100,10001100
C:cnot14:XZ,noreset,00000000,10001100,00000000
C:cnot14:YI,reset,00000100,10000000,10000000
C:cnot14:YI,noreset,00000100,10000100,00000100
C:cnot14:YX,reset,00000100,00000000,00000000
C:cnot14:YX,noreset,00000100,00000100,00000100
C:cnot14:YY,reset,00000100,00001100,00001100
C:cnot14:YY,noreset,00000100,00001000,00000100
C:cnot14:YZ,reset,00000100,10001100,10001100
C:cnot14:YZ,noreset,00000100,10001000,00000100
C:cnot14:ZI,reset,00000100,00000000,00000000
C:cnot14:ZI,noreset,00000100,00000100,00000100
C:cnot14:ZX,reset,00000100,10000000,10000000
C:cnot14:ZX,noreset,00000100,10000100,00000100
C:cnot14:ZY,reset,00000100,10001100,10001100
C:cnot14:ZY,noreset,00000100,10001000,00000100
C:cnot14:ZZ,reset,00000100,00001100,00001100
C:cnot14:ZZ,noreset,00000100,00001000,00000100
C:cnot15:IX,reset,00000000,01000000,01000000
C:cnot15:IX,noreset,00000000,01000000,00000000
C:cnot15:IY,reset,00000000,01000100,01000100
C:cnot15:IY,noreset,00000000,01000100,00000000
C:cnot15:IZ,reset,00000000,00000100,00000100
C:cnot15:IZ,noreset,00000000,00000100,00000000
C:cnot15:XI,reset,00000000,11000000,11000000
C:cnot15:XI,noreset,00000000,11000000,00000000
C:cnot15:XX,reset,00000000,10000000,10000000
C:cnot15:XX,noreset,00000000,10000000,00000000
C:cnot15:XY,reset,00000000,10000100,10000100
C:cnot15:XY,noreset,00000000,10000100,00000000
C:cnot15:XZ,reset,00000000,11000100,11000100
C:cnot15:XZ,noreset,00000000,11000100,00000000
C:cnot15:YI,reset,00000100,11000000,11000000
C:cnot15:YI,noreset,00000100,11000100,00000100
C:cnot15:YX,reset,00000100,10000000,10000000
C:cnot15:YX,noreset,00000100,10000100,00000100
C:cnot15:YY,reset,00000100,10000100,10000100
C:cnot15:YY,noreset,00000100,10000000,00000100
C:cnot15:YZ,reset,00000100,11000100,11000100
C:cnot15:YZ,noreset,00000100,11000000,00000100
C:cnot15:ZI,reset,00000100,00000000,00000000
C:cnot15:ZI,noreset,00000100,00000100,00000100
C:cnot15:ZX,reset,00000100,01000000,01000000
C:cnot15:ZX,noreset,00000100,01000100,00000100
C:cnot15:ZY,reset,00000100,01000100,01000100
C:cnot15:ZY,noreset,00000100,01000000,00000100
C:cnot15:ZZ,reset,00000100,00000100,00000100
C:cnot15:ZZ,noreset,00000100,00000000,00000100
C:cnot16:IX,reset,00000000,10010000,10010000
C:cnot16:IX,noreset,00000000,10010000,00000000
C:cnot16:IY,reset,00000010,10010110,10010110
C:cnot16:IY,noreset,00000010,10010100,00000010
C:cnot16:IZ,reset,00000010,00000110,00000110
C:cnot16:IZ,noreset,00000010,00000100,00000010
C:cnot16:XI,reset,00000000,01010000,01010000
C:cnot16:XI,noreset,00000000,01010000,00000000
C:cnot16:XX,reset,00000000,11000000,11000000
C:cnot16:XX,noreset,00000000,11000000,00000000
C:cnot16:XY,reset,00000010,11000110,11000110
C:cnot16:XY,noreset,00000010,11000100,00000010
C:cnot16:XZ,reset,00000010,01010110,01010110
C:cnot16:XZ,noreset,00000010,01010100,00000010
C:cnot16:YI,reset,00000100,01010000,01010000
C:cnot16:YI,noreset,00000100,01010100,00000100
C:cnot16:YX,reset,00000100,11000000,11000000
C:cnot16:YX,noreset,00000100,11000100,00000100
C:cnot16:YY,reset,00000110,11000110,11000110
C:cnot16:YY,noreset,00000110,11000000,00000110
C:cnot16:YZ,reset,00000110,01010110,01010110
C:cnot16:YZ,noreset,00000110,01010000,00000110
C:cnot16:ZI,reset,00000100,00000000,00000000
C:cnot16:ZI,noreset,00000100,00000100,00000100
C:cnot16:ZX,reset,00000100,10010000,10010000
C:cnot16:ZX,noreset,00000100,10010100,00000100
C:cnot16:ZY,reset,00000110,10010110,10010110
C:cnot16:ZY,noreset,00000110,10010000,00000110
C:cnot16:ZZ,reset,00000110,00000110,00000110
C:cnot16:ZZ,noreset,00000110,00000000,00000110
C:cnot17:IX,reset,00000000,01010000,01010000
C:cnot17:IX,noreset,00000000,01010000,00000000
C:cnot17:IY,reset,00000000,01010100,01010100
C:cnot17:IY,noreset,00000000,01010100,00000000
C:cnot17:IZ,reset,00000000,00000100,00000100
C:cnot17:IZ,noreset,00000000,00000100,00000000
C:cnot17:XI,reset,00000000,00000000,00000000
C:cnot17:XI,noreset,00000000,00000000,00000000
C:cnot17:XX,reset,00000000,01010000,01010000
C:cnot17:XX,noreset,00000000,01010000,00000000
C:cnot17:XY,reset,00000000,01010100,01010100
C:cnot17:XY,noreset,00000000,01010100,00000000
C:cnot17:XZ,reset,00000000,00000100,00000100
C:cnot17:XZ,noreset,00000000,00000100,00000000
C:cnot17:YI,reset,00000100,00000000,00000000
C:cnot17:YI,noreset,00000100,00000100,00000100
C:cnot17:YX,reset,00000100,01010000,01010000
C:cnot17:YX,noreset,00000100,01010100,00000100
C:cnot17:YY,reset,00000100,01010100,01010100
C:cnot17:YY,noreset,00000100,01010000,00000100
C:cnot17:YZ,reset,00000100,00000100,00000100
C:cnot17:YZ,noreset,00000100,00000000,00000100
C:cnot17:ZI,reset,00000100,00000000,00000000
C:cnot17:ZI,noreset,00000100,00000100,00000100
C:cnot17:ZX,reset,00000100,01010000,01010000
C:cnot17:ZX,noreset,00000100,01010100,00000100
C:cnot17:ZY,reset,00000100,01010100,01010100
C:cnot17:ZY,noreset,00000100,01010000,00000100
C:cnot17:ZZ,reset,00000100,00000100,00000100
C:cnot17:ZZ,noreset,00000100,00000000,00000100
C:cnot18:IX,reset,00000000,10100000,10100000
C:cnot18:IX,noreset,00000000,10100000,00000000
C:cnot18:IY,reset,00000000,10100010,10100010
C:cnot18:IY,noreset,00000000,10100010,00000000
C:cnot18:IZ,reset,00000000,00000010,00000010
C:cnot18:IZ,noreset,00000000,00000010,00000000
C:cnot18:XI,reset,00000000,10100000,10100000
C:cnot18:XI,noreset,00000000,10100000,00000000
C:cnot18:XX,reset,00000000,00000000,00000000
C:cnot18:XX,noreset,00000000,00000000,00000000
C:cnot18:XY,reset,00000000,00000010,00000010
C:cnot18:XY,noreset,00000000,00000010,00000000
C:cnot18:XZ,reset,00000000,10100010,10100010
C:cnot18:XZ,noreset,00000000,10100010,00000000
C:cnot18:YI,reset,00000010,10100000,10100000
C:cnot18:YI,noreset,00000010,10100010,00000010
C:cnot18:YX,reset,00000010,00000000,00000000
C:cnot18:YX,noreset,00000010,00000010,00000010
C:cnot18:YY,reset,00000010,00000010,00000010
C:cnot18:YY,noreset,00000010,00000000,00000010
C:cnot18:YZ,reset,00000010,10100010,10100010
C:cnot18:YZ,noreset,00000010,10100000,00000010
C:cnot18:ZI,reset,00000010,00000000,00000000
C:cnot18:ZI,noreset,00000010,00000010,00000010
C:cnot18:ZX,reset,00000010,10100000,10100000
C:cnot18:ZX,noreset,00000010,10100010,00000010
C:cnot18:ZY,reset,00000010,10100010,10100010
C:cnot18:ZY,noreset,00000010,10100000,00000010
C:cnot18:ZZ,reset,00000010,00000010,00000010
C:cnot18:ZZ,noreset,00000010,00000000,00000010
C:cnot19:IX,reset,00000000,10010000,10010000
C:cnot19:IX,noreset,00000000,10010000,00000000
C:cnot19:IY,reset,00000000,10010110,10010110
C:cnot19:IY,noreset,00000000,10010110,00000000
C:cnot19:IZ,reset,00000000,00000110,00000110
C:cnot19:IZ,noreset,00000000,00000110,00000000
C:cnot19:XI,reset,00000000,00110000,00110000
C:cnot19:XI,noreset,00000000,00110000,00000000
C:cnot19:XX,reset,00000000,10100000,10100000
C:cnot19:XX,noreset,00000000,10100000,00000000
C:cnot19:XY,reset,00000000,10100110,10100110
C:cnot19:XY,noreset,00000000,10100110,00000000
C:cnot19:XZ,reset,00000000,00110110,00110110
C:cnot19:XZ,noreset,00000000,00110110,00000000
C:cnot19:YI,reset,00000010,00110000,00110000
C:cnot19:YI,noreset,00000010,00110010,00000010
C:cnot19:YX,reset,00000010,10100000,10100000
C:cnot19:YX,noreset,00000010,10100010,00000010
C:cnot19:YY,reset,00000010,10100110,10100110
C:cnot19:YY,noreset,00000010,10100100,00000010
C:cnot19:YZ,reset,00000010,00110110,00110110
C:cnot19:YZ,noreset,00000010,00110100,00000010
C:cnot19:ZI,reset,00000010,00000000,00000000
C:cnot19:ZI,noreset,00000010,00000010,00000010
C:cnot19:ZX,reset,00000010,10010000,10010000
C:cnot19:ZX,noreset,00000010,10010010,00000010
C:cnot19:ZY,reset,00000010,10010110,10010110
C:cnot19:ZY,noreset,00000010,10010100,00000010
C:cnot19:ZZ,reset,00000010,00000110,00000110
C:cnot19:ZZ,noreset,00000010,00000100,00000010
C:cnot20:IX,reset,00000000,00100000,00100000
C:cnot20:IX,noreset,00000000,00100000,00000000
C:cnot20:IY,reset,00000000,00100010,00100010
C:cnot20:IY,noreset,00000000,00100010,00000000
C:cnot20:IZ,reset,00000000,00000010,00000010
C:cnot20:IZ,noreset,00000000,00000010,00000000
C:cnot20:XI,reset,00000000,00010000,00010000
C:cnot20:XI,noreset,00000000,00010000,00000000
C:cnot20:XX,reset,00000000,00110000,00110000
C:cnot20:XX,noreset,00000000,00110000,00000000
C:cnot20:XY,reset,00000000,00110010,00110010
C:cnot20:XY,noreset,00000000,00110010,00000000
C:cnot20:XZ,reset,00000000,00010010,00010010
C:cnot20:XZ,noreset,00000000,00010010,00000000
C:cnot20:YI,reset,00000010,00010000,00010000
C:cnot20:YI,noreset,00000010,00010010,00000010
C:cnot20:YX,reset,00000010,00110000,00110000
C:cnot20:YX,noreset,00000010,00110010,00000010
C:cnot20:YY,reset,00000010,00110010,00110010
C:cnot20:YY,noreset,00000010,00110000,00000010
C:cnot20:YZ,reset,00000010,00010010,00010010
C:cnot20:YZ,noreset,00000010,00010000,00000010
C:cnot20:ZI,reset,00000010,00000000,00000000
C:cnot20:ZI,noreset,00000010,00000010,00000010
C:cnot20:ZX,reset,00000010,00100000,00100000
C:cnot20:ZX,noreset,00000010,00100010,00000010
C:cnot20:ZY,reset,00000010,00100010,00100010
C:cnot20:ZY,noreset,00000010,00100000,00000010
C:cnot20:ZZ,reset,00000010,00000010,00000010
C:cnot20:ZZ,noreset,00000010,00000000,00000010
C:cnot21:IX,reset,00000000,00010000,00010000
C:cnot21:IX,noreset,00000000,00010000,00000000
C:cnot21:IY,reset,00000001,00010011,00010011
C:cnot21:IY,noreset,00000001,00010010,00000001
C:cnot21:IZ,reset,00000001,00000011,00000011
C:cnot21:IZ,noreset,00000001,00000010,00000001
C:cnot21:XI,reset,00000000,00000000,00000000
C:cnot21:XI,noreset,00000000,00000000,00000000
C:cnot21:XX,reset,00000000,00010000,00010000
C:cnot21:XX,noreset,00000000,00010000,00000000
C:cnot21:XY,reset,00000001,00010011,00010011
C:cnot21:XY,noreset,00000001,00010010,00000001
C:cnot21:XZ,reset,00000001,00000011,00000011
C:cnot21:XZ,noreset,00000001,00000010,00000001
C:cnot21:YI,reset,00000010,00000000,00000000
C:cnot21:YI,noreset,00000010,00000010,00000010
C:cnot21:YX,reset,00000010,00010000,00010000
C:cnot21:YX,noreset,00000010,00010010,00000010
C:cnot21:YY,reset,00000011,00010011,00010011
C:cnot21:YY,noreset,00000011,00010000,00000011
C:cnot21:YZ,reset,00000011,00000011,00000011
C:cnot21:YZ,noreset,00000011,00000000,00000011
C:cnot21:ZI,reset,00000010,00000000,00000000
C:cnot21:ZI,noreset,00000010,00000010,00000010
C:cnot21:ZX,reset,00000010,00010000,00010000
C:cnot21:ZX,noreset,00000010,00010010,00000010
C:cnot21:ZY,reset,00000011,00010011,00010011
C:cnot21:ZY,noreset,00000011,00010000,00000011
C:cnot21:ZZ,reset,00000011,00000011,00000011
C:cnot21:ZZ,noreset,00000011,00000000,00000011
C:cnot22:IX,reset,00000000,00010000,00010000
C:cnot22:IX,noreset,00000000,00010000,00000000
C:cnot22:IY,reset,00000000,00010011,00010011
C:cnot22:IY,noreset,00000000,00010011,00000000
C:cnot22:IZ,reset,00000000,00000011,00000011
C:cnot22:IZ,noreset,00000000,00000011,00000000
C:cnot22:XI,reset,00000000,00010000,00010000
C:cnot22:XI,noreset,00000000,00010000,00000000
C:cnot22:XX,reset,00000000,00000000,00000000
C:cnot22:XX,noreset,00000000,00000000,00000000
C:cnot22:XY,reset,00000000,00000011,00000011
C:cnot22:XY,noreset,00000000,00000011,00000000
C:cnot22:XZ,reset,00000000,00010011,00010011
C:cnot22:XZ,noreset,00000000,00010011,00000000
C:cnot22:YI,reset,00000001,00010000,00010000
C:cnot22:YI,noreset,00000001,00010001,00000001
C:cnot22:YX,reset,00000001,00000000,00000000
C:cnot22:YX,noreset,00000001,00000001,00000001
C:cnot22:YY,reset,00000001,00000011,00000011
C:cnot22:YY,noreset,00000001,00000010,00000001
C:cnot22:YZ,reset,00000001,00010011,00010011
C:cnot22:YZ,noreset,00000001,00010010,00000001
C:cnot22:ZI,reset,00000001,00000000,00000000
C:cnot22:ZI,noreset,00000001,00000001,00000001
C:cnot22:ZX,reset,00000001,00010000,00010000
C:cnot22:ZX,noreset,00000001,00010001,00000001
C:cnot22:ZY,reset,00000001,00010011,00010011
C:cnot22:ZY,noreset,00000001,00010010,00000001
C:cnot22:ZZ,reset,00000001,00000011,00000011
C:cnot22:ZZ,noreset,00000001,00000010,00000001
C:cnot23:IX,reset,00000000,00010000,00010000
C:cnot23:IX,noreset,00000000,00010000,00000000
C:cnot23:IY,reset,00000000,00010001,00010001
C:cnot23:IY,noreset,00000000,00010001,00000000
C:cnot23:IZ,reset,00000000,00000001,00000001
C:cnot23:IZ,noreset,00000000,00000001,00000000
C:cnot23:XI,reset,00000000,00000000,00000000
C:cnot23:XI,noreset,00000000,00000000,00000000
C:cnot23:XX,reset,00000000,00010000,00010000
C:cnot23:XX,noreset,00000000,00010000,00000000
C:cnot23:XY,reset,00000000,00010001,00010001
C:cnot23:XY,noreset,00000000,00010001,00000000
C:cnot23:XZ,reset,00000000,00000001,00000001
C:cnot23:XZ,noreset,00000000,00000001,00000000
C:cnot23:YI,reset,00000001,00000000,00000000
C:cnot23:YI,noreset,00000001,00000001,00000001
C:cnot23:YX,reset,00000001,00010000,00010000
C:cnot23:YX,noreset,00000001,00010001,00000001
C:cnot23:YY,reset,00000001,00010001,00010001
C:cnot23:YY,noreset,00000001,00010000,00000001
C:cnot23:YZ,reset,00000001,00000001,00000001
C:cnot23:YZ,noreset,00000001,00000000,00000001
C:cnot23:ZI,reset,00000001,00000000,00000000
C:cnot23:ZI,noreset,00000001,00000001,00000001
C:cnot23:ZX,reset,00000001,00010000,00010000
C:cnot23:ZX,noreset,00000001,00010001,00000001
C:cnot23:ZY,reset,00000001,00010001,00010001
C:cnot23:ZY,noreset,00000001,00010000,00000001
C:cnot23:ZZ,reset,00000001,00000001,00000001
C:cnot23:ZZ,noreset,00000001,00000000,00000001
