case_id,kind,location,pauli,tick,control,target,stab_type,syndrome,weight,lit_ancillas
D0_X,data_single,"D0(1, 1)",X,,,,,01000000,1,Z1
D0_Y,data_single,"D0(1, 1)",Y,,,,,11000000,2,X0;Z1
D0_Z,data_single,"D0(1, 1)",Z,,,,,10000000,1,X0
D1_X,data_single,"D1(3, 1)",X,,,,,01000000,1,Z1
D1_Y,data_single,"D1(3, 1)",Y,,,,,11100000,3,X0;Z1;X2
D1_Z,data_single,"D1(3, 1)",Z,,,,,10100000,2,X0;X2
D2_X,data_single,"D2(5, 1)",X,,,,,00010000,1,Z3
D2_Y,data_single,"D2(5, 1)",Y,,,,,00110000,2,X2;Z3
D2_Z,data_single,"D2(5, 1)",Z,,,,,00100000,1,X2
D3_X,data_single,"D3(1, 3)",X,,,,,01001000,2,Z1;Z4
D3_Y,data_single,"D3(1, 3)",Y,,,,,01001100,3,Z1;Z4;X5
D3_Z,data_single,"D3(1, 3)",Z,,,,,00000100,1,X5
D4_X,data_single,"D4(3, 3)",X,,,,,01000010,2,Z1;Z6
D4_Y,data_single,"D4(3, 3)",Y,,,,,01100110,4,Z1;X2;X5;Z6
D4_Z,data_single,"D4(3, 3)",Z,,,,,00100100,2,X2;X5
D5_X,data_single,"D5(5, 3)",X,,,,,00010010,2,Z3;Z6
D5_Y,data_single,"D5(5, 3)",Y,,,,,00110010,3,X2;Z3;Z6
D5_Z,data_single,"D5(5, 3)",Z,,,,,00100000,1,X2
D6_X,data_single,"D6(1, 5)",X,,,,,00001000,1,Z4
D6_Y,data_single,"D6(1, 5)",Y,,,,,00001100,2,Z4;X5
D6_Z,data_single,"D6(1, 5)",Z,,,,,00000100,1,X5
D7_X,data_single,"D7(3, 5)",X,,,,,00000010,1,Z6
D7_Y,data_single,"D7(3, 5)",Y,,,,,00000111,3,X5;Z6;X7
D7_Z,data_single,"D7(3, 5)",Z,,,,,00000101,2,X5;X7
D8_X,data_single,"D8(5, 5)",X,,,,,00000010,1,Z6
D8_Y,data_single,"D8(5, 5)",Y,,,,,00000011,2,Z6;X7
D8_Z,data_single,"D8(5, 5)",Z,,,,,00000001,1,X7
C0_IX,cnot_two,C0,IX,0,"(3, 3)","(2, 2)",Z,01000000,1,Z1
C0_IY,cnot_two,C0,IY,0,"(3, 3)","(2, 2)",Z,01100100,3,Z1;X2;X5
C0_IZ,cnot_two,C0,IZ,0,"(3, 3)","(2, 2)",Z,00100100,2,X2;X5
C0_XI,cnot_two,C0,XI,0,"(3, 3)","(2, 2)",Z,00000010,1,Z6
C0_XX,cnot_two,C0,XX,0,"(3, 3)","(2, 2)",Z,01000010,2,Z1;Z6
C0_XY,cnot_two,C0,XY,0,"(3, 3)","(2, 2)",Z,01100110,4,Z1;X2;X5;Z6
C0_XZ,cnot_two,C0,XZ,0,"(3, 3)","(2, 2)",Z,00100110,3,X2;X5;Z6
C0_YI,cnot_two,C0,YI,0,"(3, 3)","(2, 2)",Z,00100110,3,X2;X5;Z6
C0_YX,cnot_two,C0,YX,0,"(3, 3)","(2, 2)",Z,01100110,4,Z1;X2;X5;Z6
C0_YY,cnot_two,C0,YY,0,"(3, 3)","(2, 2)",Z,01000010,2,Z1;Z6
C0_YZ,cnot_two,C0,YZ,0,"(3, 3)","(2, 2)",Z,00000010,1,Z6
C0_ZI,cnot_two,C0,ZI,0,"(3, 3)","(2, 2)",Z,00100100,2,X2;X5
C0_ZX,cnot_two,C0,ZX,0,"(3, 3)","(2, 2)",Z,01100100,3,Z1;X2;X5
C0_ZY,cnot_two,C0,ZY,0,"(3, 3)","(2, 2)",Z,01000000,1,Z1
C0_ZZ,cnot_two,C0,ZZ,0,"(3, 3)","(2, 2)",Z,00000000,0,
C1_IX,cnot_two,C1,IX,0,"(1, 5)","(0, 4)",Z,00001000,1,Z4
C1_IY,cnot_two,C1,IY,0,"(1, 5)","(0, 4)",Z,00001100,2,Z4;X5
C1_IZ,cnot_two,C1,IZ,0,"(1, 5)","(0, 4)",Z,00000100,1,X5
C1_XI,cnot_two,C1,XI,0,"(1, 5)","(0, 4)",Z,00000000,0,
C1_XX,cnot_two,C1,XX,0,"(1, 5)","(0, 4)",Z,00001000,1,Z4
C1_XY,cnot_two,C1,XY,0,"(1, 5)","(0, 4)",Z,00001100,2,Z4;X5
C1_XZ,cnot_two,C1,XZ,0,"(1, 5)","(0, 4)",Z,00000100,1,X5
C1_YI,cnot_two,C1,YI,0,"(1, 5)","(0, 4)",Z,00000100,1,X5
C1_YX,cnot_two,C1,YX,0,"(1, 5)","(0, 4)",Z,00001100,2,Z4;X5
C1_YY,cnot_two,C1,YY,0,"(1, 5)","(0, 4)",Z,00001000,1,Z4
C1_YZ,cnot_two,C1,YZ,0,"(1, 5)","(0, 4)",Z,00000000,0,
C1_ZI,cnot_two,C1,ZI,0,"(1, 5)","(0, 4)",Z,00000100,1,X5
C1_ZX,cnot_two,C1,ZX,0,"(1, 5)","(0, 4)",Z,00001100,2,Z4;X5
C1_ZY,cnot_two,C1,ZY,0,"(1, 5)","(0, 4)",Z,00001000,1,Z4
C1_ZZ,cnot_two,C1,ZZ,0,"(1, 5)","(0, 4)",Z,00000000,0,
C2_IX,cnot_two,C2,IX,0,"(5, 5)","(4, 4)",Z,00000010,1,Z6
C2_IY,cnot_two,C2,IY,0,"(5, 5)","(4, 4)",Z,00000011,2,Z6;X7
C2_IZ,cnot_two,C2,IZ,0,"(5, 5)","(4, 4)",Z,00000001,1,X7
C2_XI,cnot_two,C2,XI,0,"(5, 5)","(4, 4)",Z,00000000,0,
C2_XX,cnot_two,C2,XX,0,"(5, 5)","(4, 4)",Z,00000010,1,Z6
C2_XY,cnot_two,C2,XY,0,"(5, 5)","(4, 4)",Z,00000011,2,Z6;X7
C2_XZ,cnot_two,C2,XZ,0,"(5, 5)","(4, 4)",Z,00000001,1,X7
C2_YI,cnot_two,C2,YI,0,"(5, 5)","(4, 4)",Z,00000001,1,X7
C2_YX,cnot_two,C2,YX,0,"(5, 5)","(4, 4)",Z,00000011,2,Z6;X7
C2_YY,cnot_two,C2,YY,0,"(5, 5)","(4, 4)",Z,00000010,1,Z6
C2_YZ,cnot_two,C2,YZ,0,"(5, 5)","(4, 4)",Z,00000000,0,
C2_ZI,cnot_two,C2,ZI,0,"(5, 5)","(4, 4)",Z,00000001,1,X7
C2_ZX,cnot_two,C2,ZX,0,"(5, 5)","(4, 4)",Z,00000011,2,Z6;X7
C2_ZY,cnot_two,C2,ZY,0,"(5, 5)","(4, 4)",Z,00000010,1,Z6
C2_ZZ,cnot_two,C2,ZZ,0,"(5, 5)","(4, 4)",Z,00000000,0,
C3_IX,cnot_two,C3,IX,0,"(2, 0)","(3, 1)",X,01000000,1,Z1
C3_IY,cnot_two,C3,IY,0,"(2, 0)","(3, 1)",X,01100000,2,Z1;X2
C3_IZ,cnot_two,C3,IZ,0,"(2, 0)","(3, 1)",X,00100000,1,X2
C3_XI,cnot_two,C3,XI,0,"(2, 0)","(3, 1)",X,01000000,1,Z1
C3_XX,cnot_two,C3,XX,0,"(2, 0)","(3, 1)",X,00000000,0,
C3_XY,cnot_two,C3,XY,0,"(2, 0)","(3, 1)",X,00100000,1,X2
C3_XZ,cnot_two,C3,XZ,0,"(2, 0)","(3, 1)",X,01100000,2,Z1;X2
C3_YI,cnot_two,C3,YI,0,"(2, 0)","(3, 1)",X,11000000,2,X0;Z1
C3_YX,cnot_two,C3,YX,0,"(2, 0)","(3, 1)",X,10000000,1,X0
C3_YY,cnot_two,C3,YY,0,"(2, 0)","(3, 1)",X,10100000,2,X0;X2
C3_YZ,cnot_two,C3,YZ,0,"(2, 0)","(3, 1)",X,11100000,3,X0;Z1;X2
C3_ZI,cnot_two,C3,ZI,0,"(2, 0)","(3, 1)",X,10000000,1,X0
C3_ZX,cnot_two,C3,ZX,0,"(2, 0)","(3, 1)",X,11000000,2,X0;Z1
C3_ZY,cnot_two,C3,ZY,0,"(2, 0)","(3, 1)",X,11100000,3,X0;Z1;X2
C3_ZZ,cnot_two,C3,ZZ,0,"(2, 0)","(3, 1)",X,10100000,2,X0;X2
C4_IX,cnot_two,C4,IX,0,"(4, 2)","(5, 3)",X,00010010,2,Z3;Z6
C4_IY,cnot_two,C4,IY,0,"(4, 2)","(5, 3)",X,00010010,2,Z3;Z6
C4_IZ,cnot_two,C4,IZ,0,"(4, 2)","(5, 3)",X,00000000,0,
C4_XI,cnot_two,C4,XI,0,"(4, 2)","(5, 3)",X,00010010,2,Z3;Z6
C4_XX,cnot_two,C4,XX,0,"(4, 2)","(5, 3)",X,00000000,0,
C4_XY,cnot_two,C4,XY,0,"(4, 2)","(5, 3)",X,00000000,0,
C4_XZ,cnot_two,C4,XZ,0,"(4, 2)","(5, 3)",X,00010010,2,Z3;Z6
C4_YI,cnot_two,C4,YI,0,"(4, 2)","(5, 3)",X,00110010,3,X2;Z3;Z6
C4_YX,cnot_two,C4,YX,0,"(4, 2)","(5, 3)",X,00100000,1,X2
C4_YY,cnot_two,C4,YY,0,"(4, 2)","(5, 3)",X,00100000,1,X2
C4_YZ,cnot_two,C4,YZ,0,"(4, 2)","(5, 3)",X,00110010,3,X2;Z3;Z6
C4_ZI,cnot_two,C4,ZI,0,"(4, 2)","(5, 3)",X,00100000,1,X2
C4_ZX,cnot_two,C4,ZX,0,"(4, 2)","(5, 3)",X,00110010,3,X2;Z3;Z6
C4_ZY,cnot_two,C4,ZY,0,"(4, 2)","(5, 3)",X,00110010,3,X2;Z3;Z6
C4_ZZ,cnot_two,C4,ZZ,0,"(4, 2)","(5, 3)",X,00100000,1,X2
C5_IX,cnot_two,C5,IX,0,"(2, 4)","(3, 5)",X,00000010,1,Z6
C5_IY,cnot_two,C5,IY,0,"(2, 4)","(3, 5)",X,00000011,2,Z6;X7
C5_IZ,cnot_two,C5,IZ,0,"(2, 4)","(3, 5)",X,00000001,1,X7
C5_XI,cnot_two,C5,XI,0,"(2, 4)","(3, 5)",X,00000010,1,Z6
C5_XX,cnot_two,C5,XX,0,"(2, 4)","(3, 5)",X,00000000,0,
C5_XY,cnot_two,C5,XY,0,"(2, 4)","(3, 5)",X,00000001,1,X7
C5_XZ,cnot_two,C5,XZ,0,"(2, 4)","(3, 5)",X,00000011,2,Z6;X7
C5_YI,cnot_two,C5,YI,0,"(2, 4)","(3, 5)",X,00000110,2,X5;Z6
C5_YX,cnot_two,C5,YX,0,"(2, 4)","(3, 5)",X,00000100,1,X5
C5_YY,cnot_two,C5,YY,0,"(2, 4)","(3, 5)",X,00000101,2,X5;X7
C5_YZ,cnot_two,C5,YZ,0,"(2, 4)","(3, 5)",X,00000111,3,X5;Z6;X7
C5_ZI,cnot_two,C5,ZI,0,"(2, 4)","(3, 5)",X,00000100,1,X5
C5_ZX,cnot_two,C5,ZX,0,"(2, 4)","(3, 5)",X,00000110,2,X5;Z6
C5_ZY,cnot_two,C5,ZY,0,"(2, 4)","(3, 5)",X,00000111,3,X5;Z6;X7
C5_ZZ,cnot_two,C5,ZZ,0,"(2, 4)","(3, 5)",X,00000101,2,X5;X7
C6_IX,cnot_two,C6,IX,1,"(3, 1)","(2, 2)",Z,01000000,1,Z1
C6_IY,cnot_two,C6,IY,1,"(3, 1)","(2, 2)",Z,01000100,2,Z1;X5
C6_IZ,cnot_two,C6,IZ,1,"(3, 1)","(2, 2)",Z,00000100,1,X5
C6_XI,cnot_two,C6,XI,1,"(3, 1)","(2, 2)",Z,00000000,0,
C6_XX,cnot_two,C6,XX,1,"(3, 1)","(2, 2)",Z,01000000,1,Z1
C6_XY,cnot_two,C6,XY,1,"(3, 1)","(2, 2)",Z,01000100,2,Z1;X5
C6_XZ,cnot_two,C6,XZ,1,"(3, 1)","(2, 2)",Z,00000100,1,X5
C6_YI,cnot_two,C6,YI,1,"(3, 1)","(2, 2)",Z,00100000,1,X2
C6_YX,cnot_two,C6,YX,1,"(3, 1)","(2, 2)",Z,01100000,2,Z1;X2
C6_YY,cnot_two,C6,YY,1,"(3, 1)","(2, 2)",Z,01100100,3,Z1;X2;X5
C6_YZ,cnot_two,C6,YZ,1,"(3, 1)","(2, 2)",Z,00100100,2,X2;X5
C6_ZI,cnot_two,C6,ZI,1,"(3, 1)","(2, 2)",Z,00100000,1,X2
C6_ZX,cnot_two,C6,ZX,1,"(3, 1)","(2, 2)",Z,01100000,2,Z1;X2
C6_ZY,cnot_two,C6,ZY,1,"(3, 1)","(2, 2)",Z,01100100,3,Z1;X2;X5
C6_ZZ,cnot_two,C6,ZZ,1,"(3, 1)","(2, 2)",Z,00100100,2,X2;X5
C7_IX,cnot_two,C7,IX,1,"(1, 3)","(0, 4)",Z,00001000,1,Z4
C7_IY,cnot_two,C7,IY,1,"(1, 3)","(0, 4)",Z,00001000,1,Z4
C7_IZ,cnot_two,C7,IZ,1,"(1, 3)","(0, 4)",Z,00000000,0,
C7_XI,cnot_two,C7,XI,1,"(1, 3)","(0, 4)",Z,01000000,1,Z1
C7_XX,cnot_two,C7,XX,1,"(1, 3)","(0, 4)",Z,01001000,2,Z1;Z4
C7_XY,cnot_two,C7,XY,1,"(1, 3)","(0, 4)",Z,01001000,2,Z1;Z4
C7_XZ,cnot_two,C7,XZ,1,"(1, 3)","(0, 4)",Z,01000000,1,Z1
C7_YI,cnot_two,C7,YI,1,"(1, 3)","(0, 4)",Z,01000100,2,Z1;X5
C7_YX,cnot_two,C7,YX,1,"(1, 3)","(0, 4)",Z,01001100,3,Z1;Z4;X5
C7_YY,cnot_two,C7,YY,1,"(1, 3)","(0, 4)",Z,01001100,3,Z1;Z4;X5
C7_YZ,cnot_two,C7,YZ,1,"(1, 3)","(0, 4)",Z,01000100,2,Z1;X5
C7_ZI,cnot_two,C7,ZI,1,"(1, 3)","(0, 4)",Z,00000100,1,X5
C7_ZX,cnot_two,C7,ZX,1,"(1, 3)","(0, 4)",Z,00001100,2,Z4;X5
C7_ZY,cnot_two,C7,ZY,1,"(1, 3)","(0, 4)",Z,00001100,2,Z4;X5
C7_ZZ,cnot_two,C7,ZZ,1,"(1, 3)","(0, 4)",Z,00000100,1,X5
C8_IX,cnot_two,C8,IX,1,"(5, 3)","(4, 4)",Z,00000010,1,Z6
C8_IY,cnot_two,C8,IY,1,"(5, 3)","(4, 4)",Z,00000011,2,Z6;X7
C8_IZ,cnot_two,C8,IZ,1,"(5, 3)","(4, 4)",Z,00000001,1,X7
C8_XI,cnot_two,C8,XI,1,"(5, 3)","(4, 4)",Z,00010000,1,Z3
C8_XX,cnot_two,C8,XX,1,"(5, 3)","(4, 4)",Z,00010010,2,Z3;Z6
C8_XY,cnot_two,C8,XY,1,"(5, 3)","(4, 4)",Z,00010011,3,Z3;Z6;X7
C8_XZ,cnot_two,C8,XZ,1,"(5, 3)","(4, 4)",Z,00010001,2,Z3;X7
C8_YI,cnot_two,C8,YI,1,"(5, 3)","(4, 4)",Z,00010000,1,Z3
C8_YX,cnot_two,C8,YX,1,"(5, 3)","(4, 4)",Z,00010010,2,Z3;Z6
C8_YY,cnot_two,C8,YY,1,"(5, 3)","(4, 4)",Z,00010011,3,Z3;Z6;X7
C8_YZ,cnot_two,C8,YZ,1,"(5, 3)","(4, 4)",Z,00010001,2,Z3;X7
C8_ZI,cnot_two,C8,ZI,1,"(5, 3)","(4, 4)",Z,00000000,0,
C8_ZX,cnot_two,C8,ZX,1,"(5, 3)","(4, 4)",Z,00000010,1,Z6
C8_ZY,cnot_two,C8,ZY,1,"(5, 3)","(4, 4)",Z,00000011,2,Z6;X7
C8_ZZ,cnot_two,C8,ZZ,1,"(5, 3)","(4, 4)",Z,00000001,1,X7
C9_IX,cnot_two,C9,IX,1,"(2, 0)","(1, 1)",X,01000000,1,Z1
C9_IY,cnot_two,C9,IY,1,"(2, 0)","(1, 1)",X,01000000,1,Z1
C9_IZ,cnot_two,C9,IZ,1,"(2, 0)","(1, 1)",X,00000000,0,
C9_XI,cnot_two,C9,XI,1,"(2, 0)","(1, 1)",X,00000000,0,
C9_XX,cnot_two,C9,XX,1,"(2, 0)","(1, 1)",X,01000000,1,Z1
C9_XY,cnot_two,C9,XY,1,"(2, 0)","(1, 1)",X,01000000,1,Z1
C9_XZ,cnot_two,C9,XZ,1,"(2, 0)","(1, 1)",X,00000000,0,
C9_YI,cnot_two,C9,YI,1,"(2, 0)","(1, 1)",X,10000000,1,X0
C9_YX,cnot_two,C9,YX,1,"(2, 0)","(1, 1)",X,11000000,2,X0;Z1
C9_YY,cnot_two,C9,YY,1,"(2, 0)","(1, 1)",X,11000000,2,X0;Z1
C9_YZ,cnot_two,C9,YZ,1,"(2, 0)","(1, 1)",X,10000000,1,X0
C9_ZI,cnot_two,C9,ZI,1,"(2, 0)","(1, 1)",X,10000000,1,X0
C9_ZX,cnot_two,C9,ZX,1,"(2, 0)","(1, 1)",X,11000000,2,X0;Z1
C9_ZY,cnot_two,C9,ZY,1,"(2, 0)","(1, 1)",X,11000000,2,X0;Z1
C9_ZZ,cnot_two,C9,ZZ,1,"(2, 0)","(1, 1)",X,10000000,1,X0
C10_IX,cnot_two,C10,IX,1,"(4, 2)","(3, 3)",X,00000010,1,Z6
C10_IY,cnot_two,C10,IY,1,"(4, 2)","(3, 3)",X,00000110,2,X5;Z6
C10_IZ,cnot_two,C10,IZ,1,"(4, 2)","(3, 3)",X,00000100,1,X5
C10_XI,cnot_two,C10,XI,1,"(4, 2)","(3, 3)",X,00010000,1,Z3
C10_XX,cnot_two,C10,XX,1,"(4, 2)","(3, 3)",X,00010010,2,Z3;Z6
C10_XY,cnot_two,C10,XY,1,"(4, 2)","(3, 3)",X,00010110,3,Z3;X5;Z6
C10_XZ,cnot_two,C10,XZ,1,"(4, 2)","(3, 3)",X,00010100,2,Z3;X5
C10_YI,cnot_two,C10,YI,1,"(4, 2)","(3, 3)",X,00110000,2,X2;Z3
C10_YX,cnot_two,C10,YX,1,"(4, 2)","(3, 3)",X,00110010,3,X2;Z3;Z6
C10_YY,cnot_two,C10,YY,1,"(4, 2)","(3, 3)",X,00110110,4,X2;Z3;X5;Z6
C10_YZ,cnot_two,C10,YZ,1,"(4, 2)","(3, 3)",X,00110100,3,X2;Z3;X5
C10_ZI,cnot_two,C10,ZI,1,"(4, 2)","(3, 3)",X,00100000,1,X2
C10_ZX,cnot_two,C10,ZX,1,"(4, 2)","(3, 3)",X,00100010,2,X2;Z6
C10_ZY,cnot_two,C10,ZY,1,"(4, 2)","(3, 3)",X,00100110,3,X2;X5;Z6
C10_ZZ,cnot_two,C10,ZZ,1,"(4, 2)","(3, 3)",X,00100100,2,X2;X5
C11_IX,cnot_two,C11,IX,1,"(2, 4)","(1, 5)",X,00000000,0,
C11_IY,cnot_two,C11,IY,1,"(2, 4)","(1, 5)",X,00000000,0,
C11_IZ,cnot_two,C11,IZ,1,"(2, 4)","(1, 5)",X,00000000,0,
C11_XI,cnot_two,C11,XI,1,"(2, 4)","(1, 5)",X,00000010,1,Z6
C11_XX,cnot_two,C11,XX,1,"(2, 4)","(1, 5)",X,00000010,1,Z6
C11_XY,cnot_two,C11,XY,1,"(2, 4)","(1, 5)",X,00000010,1,Z6
C11_XZ,cnot_two,C11,XZ,1,"(2, 4)","(1, 5)",X,00000010,1,Z6
C11_YI,cnot_two,C11,YI,1,"(2, 4)","(1, 5)",X,00000110,2,X5;Z6
C11_YX,cnot_two,C11,YX,1,"(2, 4)","(1, 5)",X,00000110,2,X5;Z6
C11_YY,cnot_two,C11,YY,1,"(2, 4)","(1, 5)",X,00000110,2,X5;Z6
C11_YZ,cnot_two,C11,YZ,1,"(2, 4)","(1, 5)",X,00000110,2,X5;Z6
C11_ZI,cnot_two,C11,ZI,1,"(2, 4)","(1, 5)",X,00000100,1,X5
C11_ZX,cnot_two,C11,ZX,1,"(2, 4)","(1, 5)",X,00000100,1,X5
C11_ZY,cnot_two,C11,ZY,1,"(2, 4)","(1, 5)",X,00000100,1,X5
C11_ZZ,cnot_two,C11,ZZ,1,"(2, 4)","(1, 5)",X,00000100,1,X5
C12_IX,cnot_two,C12,IX,2,"(1, 3)","(2, 2)",Z,01000000,1,Z1
C12_IY,cnot_two,C12,IY,2,"(1, 3)","(2, 2)",Z,01000000,1,Z1
C12_IZ,cnot_two,C12,IZ,2,"(1, 3)","(2, 2)",Z,00000000,0,
C12_XI,cnot_two,C12,XI,2,"(1, 3)","(2, 2)",Z,00000000,0,
C12_XX,cnot_two,C12,XX,2,"(1, 3)","(2, 2)",Z,01000000,1,Z1
C12_XY,cnot_two,C12,XY,2,"(1, 3)","(2, 2)",Z,01000000,1,Z1
C12_XZ,cnot_two,C12,XZ,2,"(1, 3)","(2, 2)",Z,00000000,0,
C12_YI,cnot_two,C12,YI,2,"(1, 3)","(2, 2)",Z,00000100,1,X5
C12_YX,cnot_two,C12,YX,2,"(1, 3)","(2, 2)",Z,01000100,2,Z1;X5
C12_YY,cnot_two,C12,YY,2,"(1, 3)","(2, 2)",Z,01000100,2,Z1;X5
C12_YZ,cnot_two,C12,YZ,2,"(1, 3)","(2, 2)",Z,00000100,1,X5
C12_ZI,cnot_two,C12,ZI,2,"(1, 3)","(2, 2)",Z,00000100,1,X5
C12_ZX,cnot_two,C12,ZX,2,"(1, 3)","(2, 2)",Z,01000100,2,Z1;X5
C12_ZY,cnot_two,C12,ZY,2,"(1, 3)","(2, 2)",Z,01000100,2,Z1;X5
C12_ZZ,cnot_two,C12,ZZ,2,"(1, 3)","(2, 2)",Z,00000100,1,X5
C13_IX,cnot_two,C13,IX,2,"(5, 3)","(6, 2)",Z,00010000,1,Z3
C13_IY,cnot_two,C13,IY,2,"(5, 3)","(6, 2)",Z,00010000,1,Z3
C13_IZ,cnot_two,C13,IZ,2,"(5, 3)","(6, 2)",Z,00000000,0,
C13_XI,cnot_two,C13,XI,2,"(5, 3)","(6, 2)",Z,00000000,0,
C13_XX,cnot_two,C13,XX,2,"(5, 3)","(6, 2)",Z,00010000,1,Z3
C13_XY,cnot_two,C13,XY,2,"(5, 3)","(6, 2)",Z,00010000,1,Z3
C13_XZ,cnot_two,C13,XZ,2,"(5, 3)","(6, 2)",Z,00000000,0,
C13_YI,cnot_two,C13,YI,2,"(5, 3)","(6, 2)",Z,00000000,0,
C13_YX,cnot_two,C13,YX,2,"(5, 3)","(6, 2)",Z,00010000,1,Z3
C13_YY,cnot_two,C13,YY,2,"(5, 3)","(6, 2)",Z,00010000,1,Z3
C13_YZ,cnot_two,C13,YZ,2,"(5, 3)","(6, 2)",Z,00000000,0,
C13_ZI,cnot_two,C13,ZI,2,"(5, 3)","(6, 2)",Z,00000000,0,
C13_ZX,cnot_two,C13,ZX,2,"(5, 3)","(6, 2)",Z,00010000,1,Z3
C13_ZY,cnot_two,C13,ZY,2,"(5, 3)","(6, 2)",Z,00010000,1,Z3
C13_ZZ,cnot_two,C13,ZZ,2,"(5, 3)","(6, 2)",Z,00000000,0,
C14_IX,cnot_two,C14,IX,2,"(3, 5)","(4, 4)",Z,00000010,1,Z6
C14_IY,cnot_two,C14,IY,2,"(3, 5)","(4, 4)",Z,00000010,1,Z6
C14_IZ,cnot_two,C14,IZ,2,"(3, 5)","(4, 4)",Z,00000000,0,
C14_XI,cnot_two,C14,XI,2,"(3, 5)","(4, 4)",Z,00000000,0,
C14_XX,cnot_two,C14,XX,2,"(3, 5)","(4, 4)",Z,00000010,1,Z6
C14_XY,cnot_two,C14,XY,2,"(3, 5)","(4, 4)",Z,00000010,1,Z6
C14_XZ,cnot_two,C14,XZ,2,"(3, 5)","(4, 4)",Z,00000000,0,
C14_YI,cnot_two,C14,YI,2,"(3, 5)","(4, 4)",Z,00000001,1,X7
C14_YX,cnot_two,C14,YX,2,"(3, 5)","(4, 4)",Z,00000011,2,Z6;X7
C14_YY,cnot_two,C14,YY,2,"(3, 5)","(4, 4)",Z,00000011,2,Z6;X7
C14_YZ,cnot_two,C14,YZ,2,"(3, 5)","(4, 4)",Z,00000001,1,X7
C14_ZI,cnot_two,C14,ZI,2,"(3, 5)","(4, 4)",Z,00000001,1,X7
C14_ZX,cnot_two,C14,ZX,2,"(3, 5)","(4, 4)",Z,00000011,2,Z6;X7
C14_ZY,cnot_two,C14,ZY,2,"(3, 5)","(4, 4)",Z,00000011,2,Z6;X7
C14_ZZ,cnot_two,C14,ZZ,2,"(3, 5)","(4, 4)",Z,00000001,1,X7
C15_IX,cnot_two,C15,IX,2,"(4, 2)","(5, 1)",X,00010000,1,Z3
C15_IY,cnot_two,C15,IY,2,"(4, 2)","(5, 1)",X,00010000,1,Z3
C15_IZ,cnot_two,C15,IZ,2,"(4, 2)","(5, 1)",X,00000000,0,
C15_XI,cnot_two,C15,XI,2,"(4, 2)","(5, 1)",X,00000000,0,
C15_XX,cnot_two,C15,XX,2,"(4, 2)","(5, 1)",X,00010000,1,Z3
C15_XY,cnot_two,C15,XY,2,"(4, 2)","(5, 1)",X,00010000,1,Z3
C15_XZ,cnot_two,C15,XZ,2,"(4, 2)","(5, 1)",X,00000000,0,
C15_YI,cnot_two,C15,YI,2,"(4, 2)","(5, 1)",X,00100000,1,X2
C15_YX,cnot_two,C15,YX,2,"(4, 2)","(5, 1)",X,00110000,2,X2;Z3
C15_YY,cnot_two,C15,YY,2,"(4, 2)","(5, 1)",X,00110000,2,X2;Z3
C15_YZ,cnot_two,C15,YZ,2,"(4, 2)","(5, 1)",X,00100000,1,X2
C15_ZI,cnot_two,C15,ZI,2,"(4, 2)","(5, 1)",X,00100000,1,X2
C15_ZX,cnot_two,C15,ZX,2,"(4, 2)","(5, 1)",X,00110000,2,X2;Z3
C15_ZY,cnot_two,C15,ZY,2,"(4, 2)","(5, 1)",X,00110000,2,X2;Z3
C15_ZZ,cnot_two,C15,ZZ,2,"(4, 2)","(5, 1)",X,00100000,1,X2
C16_IX,cnot_two,C16,IX,2,"(2, 4)","(3, 3)",X,00000010,1,Z6
C16_IY,cnot_two,C16,IY,2,"(2, 4)","(3, 3)",X,00000010,1,Z6
C16_IZ,cnot_two,C16,IZ,2,"(2, 4)","(3, 3)",X,00000000,0,
C16_XI,cnot_two,C16,XI,2,"(2, 4)","(3, 3)",X,00000000,0,
C16_XX,cnot_two,C16,XX,2,"(2, 4)","(3, 3)",X,00000010,1,Z6
C16_XY,cnot_two,C16,XY,2,"(2, 4)","(3, 3)",X,00000010,1,Z6
C16_XZ,cnot_two,C16,XZ,2,"(2, 4)","(3, 3)",X,00000000,0,
C16_YI,cnot_two,C16,YI,2,"(2, 4)","(3, 3)",X,00000100,1,X5
C16_YX,cnot_two,C16,YX,2,"(2, 4)","(3, 3)",X,00000110,2,X5;Z6
C16_YY,cnot_two,C16,YY,2,"(2, 4)","(3, 3)",X,00000110,2,X5;Z6
C16_YZ,cnot_two,C16,YZ,2,"(2, 4)","(3, 3)",X,00000100,1,X5
C16_ZI,cnot_two,C16,ZI,2,"(2, 4)","(3, 3)",X,00000100,1,X5
C16_ZX,cnot_two,C16,ZX,2,"(2, 4)","(3, 3)",X,00000110,2,X5;Z6
C16_ZY,cnot_two,C16,ZY,2,"(2, 4)","(3, 3)",X,00000110,2,X5;Z6
C16_ZZ,cnot_two,C16,ZZ,2,"(2, 4)","(3, 3)",X,00000100,1,X5
C17_IX,cnot_two,C17,IX,2,"(4, 6)","(5, 5)",X,00000000,0,
C17_IY,cnot_two,C17,IY,2,"(4, 6)","(5, 5)",X,00000000,0,
C17_IZ,cnot_two,C17,IZ,2,"(4, 6)","(5, 5)",X,00000000,0,
C17_XI,cnot_two,C17,XI,2,"(4, 6)","(5, 5)",X,00000000,0,
C17_XX,cnot_two,C17,XX,2,"(4, 6)","(5, 5)",X,00000000,0,
C17_XY,cnot_two,C17,XY,2,"(4, 6)","(5, 5)",X,00000000,0,
C17_XZ,cnot_two,C17,XZ,2,"(4, 6)","(5, 5)",X,00000000,0,
C17_YI,cnot_two,C17,YI,2,"(4, 6)","(5, 5)",X,00000001,1,X7
C17_YX,cnot_two,C17,YX,2,"(4, 6)","(5, 5)",X,00000001,1,X7
C17_YY,cnot_two,C17,YY,2,"(4, 6)","(5, 5)",X,00000001,1,X7
C17_YZ,cnot_two,C17,YZ,2,"(4, 6)","(5, 5)",X,00000001,1,X7
C17_ZI,cnot_two,C17,ZI,2,"(4, 6)","(5, 5)",X,00000001,1,X7
C17_ZX,cnot_two,C17,ZX,2,"(4, 6)","(5, 5)",X,00000001,1,X7
C17_ZY,cnot_two,C17,ZY,2,"(4, 6)","(5, 5)",X,00000001,1,X7
C17_ZZ,cnot_two,C17,ZZ,2,"(4, 6)","(5, 5)",X,00000001,1,X7
C18_IX,cnot_two,C18,IX,3,"(1, 1)","(2, 2)",Z,01000000,1,Z1
C18_IY,cnot_two,C18,IY,3,"(1, 1)","(2, 2)",Z,01000000,1,Z1
C18_IZ,cnot_two,C18,IZ,3,"(1, 1)","(2, 2)",Z,00000000,0,
C18_XI,cnot_two,C18,XI,3,"(1, 1)","(2, 2)",Z,00000000,0,
C18_XX,cnot_two,C18,XX,3,"(1, 1)","(2, 2)",Z,01000000,1,Z1
C18_XY,cnot_two,C18,XY,3,"(1, 1)","(2, 2)",Z,01000000,1,Z1
C18_XZ,cnot_two,C18,XZ,3,"(1, 1)","(2, 2)",Z,00000000,0,
C18_YI,cnot_two,C18,YI,3,"(1, 1)","(2, 2)",Z,00000000,0,
C18_YX,cnot_two,C18,YX,3,"(1, 1)","(2, 2)",Z,01000000,1,Z1
C18_YY,cnot_two,C18,YY,3,"(1, 1)","(2, 2)",Z,01000000,1,Z1
C18_YZ,cnot_two,C18,YZ,3,"(1, 1)","(2, 2)",Z,00000000,0,
C18_ZI,cnot_two,C18,ZI,3,"(1, 1)","(2, 2)",Z,00000000,0,
C18_ZX,cnot_two,C18,ZX,3,"(1, 1)","(2, 2)",Z,01000000,1,Z1
C18_ZY,cnot_two,C18,ZY,3,"(1, 1)","(2, 2)",Z,01000000,1,Z1
C18_ZZ,cnot_two,C18,ZZ,3,"(1, 1)","(2, 2)",Z,00000000,0,
C19_IX,cnot_two,C19,IX,3,"(5, 1)","(6, 2)",Z,00010000,1,Z3
C19_IY,cnot_two,C19,IY,3,"(5, 1)","(6, 2)",Z,00010000,1,Z3
C19_IZ,cnot_two,C19,IZ,3,"(5, 1)","(6, 2)",Z,00000000,0,
C19_XI,cnot_two,C19,XI,3,"(5, 1)","(6, 2)",Z,00000000,0,
C19_XX,cnot_two,C19,XX,3,"(5, 1)","(6, 2)",Z,00010000,1,Z3
C19_XY,cnot_two,C19,XY,3,"(5, 1)","(6, 2)",Z,00010000,1,Z3
C19_XZ,cnot_two,C19,XZ,3,"(5, 1)","(6, 2)",Z,00000000,0,
C19_YI,cnot_two,C19,YI,3,"(5, 1)","(6, 2)",Z,00000000,0,
C19_YX,cnot_two,C19,YX,3,"(5, 1)","(6, 2)",Z,00010000,1,Z3
C19_YY,cnot_two,C19,YY,3,"(5, 1)","(6, 2)",Z,00010000,1,Z3
C19_YZ,cnot_two,C19,YZ,3,"(5, 1)","(6, 2)",Z,00000000,0,
C19_ZI,cnot_two,C19,ZI,3,"(5, 1)","(6, 2)",Z,00000000,0,
C19_ZX,cnot_two,C19,ZX,3,"(5, 1)","(6, 2)",Z,00010000,1,Z3
C19_ZY,cnot_two,C19,ZY,3,"(5, 1)","(6, 2)",Z,00010000,1,Z3
C19_ZZ,cnot_two,C19,ZZ,3,"(5, 1)","(6, 2)",Z,00000000,0,
C20_IX,cnot_two,C20,IX,3,"(3, 3)","(4, 4)",Z,00000010,1,Z6
C20_IY,cnot_two,C20,IY,3,"(3, 3)","(4, 4)",Z,00000010,1,Z6
C20_IZ,cnot_two,C20,IZ,3,"(3, 3)","(4, 4)",Z,00000000,0,
C20_XI,cnot_two,C20,XI,3,"(3, 3)","(4, 4)",Z,00000000,0,
C20_XX,cnot_two,C20,XX,3,"(3, 3)","(4, 4)",Z,00000010,1,Z6
C20_XY,cnot_two,C20,XY,3,"(3, 3)","(4, 4)",Z,00000010,1,Z6
C20_XZ,cnot_two,C20,XZ,3,"(3, 3)","(4, 4)",Z,00000000,0,
C20_YI,cnot_two,C20,YI,3,"(3, 3)","(4, 4)",Z,00000000,0,
C20_YX,cnot_two,C20,YX,3,"(3, 3)","(4, 4)",Z,00000010,1,Z6
C20_YY,cnot_two,C20,YY,3,"(3, 3)","(4, 4)",Z,00000010,1,Z6
C20_YZ,cnot_two,C20,YZ,3,"(3, 3)","(4, 4)",Z,00000000,0,
C20_ZI,cnot_two,C20,ZI,3,"(3, 3)","(4, 4)",Z,00000000,0,
C20_ZX,cnot_two,C20,ZX,3,"(3, 3)","(4, 4)",Z,00000010,1,Z6
C20_ZY,cnot_two,C20,ZY,3,"(3, 3)","(4, 4)",Z,00000010,1,Z6
C20_ZZ,cnot_two,C20,ZZ,3,"(3, 3)","(4, 4)",Z,00000000,0,
C21_IX,cnot_two,C21,IX,3,"(4, 2)","(3, 1)",X,00000000,0,
C21_IY,cnot_two,C21,IY,3,"(4, 2)","(3, 1)",X,00000000,0,
C21_IZ,cnot_two,C21,IZ,3,"(4, 2)","(3, 1)",X,00000000,0,
C21_XI,cnot_two,C21,XI,3,"(4, 2)","(3, 1)",X,00000000,0,
C21_XX,cnot_two,C21,XX,3,"(4, 2)","(3, 1)",X,00000000,0,
C21_XY,cnot_two,C21,XY,3,"(4, 2)","(3, 1)",X,00000000,0,
C21_XZ,cnot_two,C21,XZ,3,"(4, 2)","(3, 1)",X,00000000,0,
C21_YI,cnot_two,C21,YI,3,"(4, 2)","(3, 1)",X,00100000,1,X2
C21_YX,cnot_two,C21,YX,3,"(4, 2)","(3, 1)",X,00100000,1,X2
C21_YY,cnot_two,C21,YY,3,"(4, 2)","(3, 1)",X,00100000,1,X2
C21_YZ,cnot_two,C21,YZ,3,"(4, 2)","(3, 1)",X,00100000,1,X2
C21_ZI,cnot_two,C21,ZI,3,"(4, 2)","(3, 1)",X,00100000,1,X2
C21_ZX,cnot_two,C21,ZX,3,"(4, 2)","(3, 1)",X,00100000,1,X2
C21_ZY,cnot_two,C21,ZY,3,"(4, 2)","(3, 1)",X,00100000,1,X2
C21_ZZ,cnot_two,C21,ZZ,3,"(4, 2)","(3, 1)",X,00100000,1,X2
C22_IX,cnot_two,C22,IX,3,"(2, 4)","(1, 3)",X,00000000,0,
C22_IY,cnot_two,C22,IY,3,"(2, 4)","(1, 3)",X,00000000,0,
C22_IZ,cnot_two,C22,IZ,3,"(2, 4)","(1, 3)",X,00000000,0,
C22_XI,cnot_two,C22,XI,3,"(2, 4)","(1, 3)",X,00000000,0,
C22_XX,cnot_two,C22,XX,3,"(2, 4)","(1, 3)",X,00000000,0,
C22_XY,cnot_two,C22,XY,3,"(2, 4)","(1, 3)",X,00000000,0,
C22_XZ,cnot_two,C22,XZ,3,"(2, 4)","(1, 3)",X,00000000,0,
C22_YI,cnot_two,C22,YI,3,"(2, 4)","(1, 3)",X,00000100,1,X5
C22_YX,cnot_two,C22,YX,3,"(2, 4)","(1, 3)",X,00000100,1,X5
C22_YY,cnot_two,C22,YY,3,"(2, 4)","(1, 3)",X,00000100,1,X5
C22_YZ,cnot_two,C22,YZ,3,"(2, 4)","(1, 3)",X,00000100,1,X5
C22_ZI,cnot_two,C22,ZI,3,"(2, 4)","(1, 3)",X,00000100,1,X5
C22_ZX,cnot_two,C22,ZX,3,"(2, 4)","(1, 3)",X,00000100,1,X5
C22_ZY,cnot_two,C22,ZY,3,"(2, 4)","(1, 3)",X,00000100,1,X5
C22_ZZ,cnot_two,C22,ZZ,3,"(2, 4)","(1, 3)",X,00000100,1,X5
C23_IX,cnot_two,C23,IX,3,"(4, 6)","(3, 5)",X,00000000,0,
C23_IY,cnot_two,C23,IY,3,"(4, 6)","(3, 5)",X,00000000,0,
C23_IZ,cnot_two,C23,IZ,3,"(4, 6)","(3, 5)",X,00000000,0,
C23_XI,cnot_two,C23,XI,3,"(4, 6)","(3, 5)",X,00000000,0,
C23_XX,cnot_two,C23,XX,3,"(4, 6)","(3, 5)",X,00000000,0,
C23_XY,cnot_two,C23,XY,3,"(4, 6)","(3, 5)",X,00000000,0,
C23_XZ,cnot_two,C23,XZ,3,"(4, 6)","(3, 5)",X,00000000,0,
C23_YI,cnot_two,C23,YI,3,"(4, 6)","(3, 5)",X,00000001,1,X7
C23_YX,cnot_two,C23,YX,3,"(4, 6)","(3, 5)",X,00000001,1,X7
C23_YY,cnot_two,C23,YY,3,"(4, 6)","(3, 5)",X,00000001,1,X7
C23_YZ,cnot_two,C23,YZ,3,"(4, 6)","(3, 5)",X,00000001,1,X7
C23_ZI,cnot_two,C23,ZI,3,"(4, 6)","(3, 5)",X,00000001,1,X7
C23_ZX,cnot_two,C23,ZX,3,"(4, 6)","(3, 5)",X,00000001,1,X7
C23_ZY,cnot_two,C23,ZY,3,"(4, 6)","(3, 5)",X,00000001,1,X7
C23_ZZ,cnot_two,C23,ZZ,3,"(4, 6)","(3, 5)",X,00000001,1,X7
