global_id,conflict_size,pauli,cnot_idx,stab_type,stab_index,control,target,syndrome_bits
0,8,XX,12,X,0,13,0,0000000000000000
0,8,XX,14,X,1,14,1,0000000000000000
0,8,XX,18,X,2,15,3,0000000000000000
0,8,XX,22,X,3,16,7,0000000000000000
0,8,ZZ,0,Z,0,0,9,0000000000000000
0,8,ZZ,4,Z,1,2,10,0000000000000000
0,8,ZZ,6,Z,2,3,11,0000000000000000
0,8,ZZ,8,Z,3,4,12,0000000000000000
1,4,YY,18,X,2,15,3,0000001000000000
1,4,ZZ,7,Z,2,6,11,0000001000000000
1,4,ZZ,10,Z,3,7,12,0000001000000000
1,4,ZZ,18,X,2,15,3,0000001000000000
1,4,ZZ,20,X,2,15,6,0000001000000000
2,4,YZ,17,X,1,14,5,0000010000000000
2,4,ZZ,2,Z,0,3,9,0000010000000000
2,4,ZZ,5,Z,1,5,10,0000010000000000
2,4,ZZ,15,X,1,14,2,0000010000000000
2,4,ZZ,17,X,1,14,5,0000010000000000
3,3,XX,21,X,2,15,7,0000000000010000
3,3,XX,23,X,3,16,8,0000000000010000
3,3,XZ,11,Z,3,8,12,0000000000010000
4,3,XX,13,X,0,13,1,0000000010000000
4,3,XX,15,X,1,14,2,0000000010000000
4,3,YZ,0,Z,0,0,9,0000000010000000
5,3,XZ,10,Z,3,7,12,0000000100010000
5,3,YY,23,X,3,16,8,0000000100010000
5,3,YZ,11,Z,3,8,12,0000000100010000
5,3,ZY,23,X,3,16,8,0000000100010000
6,3,ZZ,3,Z,0,4,9,0000011000000000
6,3,ZZ,9,Z,3,5,12,0000011000000000
6,3,ZZ,16,X,1,14,4,0000011000000000
7,3,XZ,0,Z,0,0,9,0000100010000000
7,3,YZ,1,Z,0,1,9,0000100010000000
7,3,YZ,12,X,0,13,0,0000100010000000
7,3,ZY,12,X,0,13,0,0000100010000000
8,2,XX,19,X,2,15,4,0000000010100000
8,2,YZ,6,Z,2,3,11,0000000010100000
9,2,YZ,23,X,3,16,8,0000000100000000
9,2,ZZ,11,Z,3,8,12,0000000100000000
9,2,ZZ,23,X,3,16,8,0000000100000000
10,2,XZ,21,X,2,15,7,0000000100000010
10,2,YY,22,X,3,16,7,0000000100000010
10,2,ZZ,22,X,3,16,7,0000000100000010
11,2,YX,23,X,3,16,8,0000000100010001
11,2,ZX,22,X,3,16,7,0000000100010001
11,2,ZX,23,X,3,16,8,0000000100010001
12,2,XY,21,X,2,15,7,0000000100010010
12,2,YZ,22,X,3,16,7,0000000100010010
12,2,ZY,22,X,3,16,7,0000000100010010
13,2,YZ,10,Z,3,7,12,0000001000010000
13,2,YZ,20,X,2,15,6,0000001000010000
14,2,YZ,7,Z,2,6,11,0000001000100000
14,2,ZY,20,X,2,15,6,0000001000100000
15,2,XZ,6,Z,2,3,11,0000001010100000
15,2,YZ,18,X,2,15,3,0000001010100000
15,2,ZY,18,X,2,15,3,0000001010100000
16,2,YX,19,X,2,15,4,0000001010100010
16,2,ZX,18,X,2,15,3,0000001010100010
17,2,XZ,13,X,0,13,1,0000010000001000
17,2,YY,14,X,1,14,1,0000010000001000
17,2,ZZ,14,X,1,14,1,0000010000001000
18,2,XZ,4,Z,1,2,10,0000010001000000
18,2,ZY,15,X,1,14,2,0000010001000000
19,2,XZ,1,Z,0,1,9,0000010010000000
19,2,YY,15,X,1,14,2,0000010010000000
20,2,YX,15,X,1,14,2,0000010010000100
20,2,ZX,14,X,1,14,1,0000010010000100
21,2,XY,13,X,0,13,1,0000010010001000
21,2,YZ,14,X,1,14,1,0000010010001000
21,2,ZY,14,X,1,14,1,0000010010001000
22,2,YZ,9,Z,3,5,12,0000011001010000
22,2,YZ,16,X,1,14,4,0000011001010000
23,2,XZ,8,Z,3,4,12,0000011010010000
23,2,ZY,16,X,1,14,4,0000011010010000
24,2,YY,12,X,0,13,0,0000100000000000
24,2,ZZ,1,Z,0,1,9,0000100000000000
24,2,ZZ,12,X,0,13,0,0000100000000000
25,2,YX,13,X,0,13,1,0000100010001000
25,2,ZX,12,X,0,13,0,0000100010001000
25,2,ZX,13,X,0,13,1,0000100010001000
26,2,XX,10,Z,3,7,12,0001000000000000
26,2,XX,11,Z,3,8,12,0001000000000000
26,2,XY,11,Z,3,8,12,0001000000000000
27,2,XX,9,Z,3,5,12,0001000001000000
27,2,XZ,5,Z,1,5,10,0001000001000000
28,2,XX,8,Z,3,4,12,0001000010000000
28,2,XZ,3,Z,0,4,9,0001000010000000
28,2,YY,8,Z,3,4,12,0001000010000000
29,2,XY,10,Z,3,7,12,0001000100000000
29,2,YX,11,Z,3,8,12,0001000100000000
29,2,YY,11,Z,3,8,12,0001000100000000
30,2,YX,9,Z,3,5,12,0001010001000000
30,2,YZ,5,Z,1,5,10,0001010001000000
31,2,ZX,8,Z,3,4,12,0001011000010000
31,2,ZY,9,Z,3,5,12,0001011000010000
32,2,XY,8,Z,3,4,12,0001011010000000
32,2,YX,8,Z,3,4,12,0001011010000000
32,2,YZ,3,Z,0,4,9,0001011010000000
33,2,ZX,6,Z,2,3,11,0010001000100000
33,2,ZX,7,Z,2,6,11,0010001000100000
33,2,ZY,7,Z,2,6,11,0010001000100000
34,2,ZX,4,Z,1,2,10,0100010001000000
34,2,ZX,5,Z,1,5,10,0100010001000000
34,2,ZY,5,Z,1,5,10,0100010001000000
35,2,XX,0,Z,0,0,9,1000000000000000
35,2,XX,1,Z,0,1,9,1000000000000000
35,2,YY,0,Z,0,0,9,1000000000000000
36,2,XY,0,Z,0,0,9,1000100000000000
36,2,YX,0,Z,0,0,9,1000100000000000
36,2,YY,1,Z,0,1,9,1000100000000000
37,2,ZX,0,Z,0,0,9,1000100010000000
37,2,ZY,1,Z,0,1,9,1000100010000000
38,1,XZ,23,X,3,16,8,0000000000000001
39,1,XY,18,X,2,15,3,0000000000000010
40,1,XY,22,X,3,16,7,0000000000000011
41,1,XZ,17,X,1,14,5,0000000000000100
42,1,XY,12,X,0,13,0,0000000000001000
43,1,XY,14,X,1,14,1,0000000000001100
44,1,XY,23,X,3,16,8,0000000000010001
45,1,XZ,20,X,2,15,6,0000000000010010
46,1,XZ,22,X,3,16,7,0000000000010011
47,1,XZ,7,Z,2,6,11,0000000000100000
48,1,XX,20,X,2,15,6,0000000000110000
49,1,XY,20,X,2,15,6,0000000000110010
50,1,XZ,19,X,2,15,4,0000000000110110
51,1,YZ,4,Z,1,2,10,0000000001000000
52,1,XX,17,X,1,14,5,0000000001010000
53,1,XY,17,X,1,14,5,0000000001010100
54,1,XY,15,X,1,14,2,0000000010000100
55,1,XZ,12,X,0,13,0,0000000010001000
56,1,XZ,14,X,1,14,1,0000000010001100
57,1,YZ,8,Z,3,4,12,0000000010010000
58,1,XZ,18,X,2,15,3,0000000010100010
59,1,XY,19,X,2,15,4,0000000010100110
60,1,XX,16,X,1,14,4,0000000011000000
61,1,XZ,15,X,1,14,2,0000000011000100
62,1,YX,22,X,3,16,7,0000000100000001
63,1,YX,18,X,2,15,3,0000001000000010
64,1,ZZ,19,X,2,15,4,0000001000000100
65,1,YX,21,X,2,15,7,0000001000010010
65,1,ZX,21,X,2,15,7,0000001000010010
66,1,ZX,20,X,2,15,6,0000001000100010
67,1,YY,20,X,2,15,6,0000001000110000
68,1,YX,20,X,2,15,6,0000001000110010
69,1,YZ,19,X,2,15,4,0000001000110100
70,1,XZ,9,Z,3,5,12,0000001001010000
71,1,XZ,16,X,1,14,4,0000001001010100
72,1,ZX,19,X,2,15,4,0000001010010010
73,1,ZY,19,X,2,15,4,0000001010010100
74,1,YY,19,X,2,15,4,0000001010100100
75,1,XY,16,X,1,14,4,0000001011000100
76,1,YZ,21,X,2,15,7,0000001100000000
76,1,ZZ,21,X,2,15,7,0000001100000000
77,1,YY,21,X,2,15,7,0000001100010000
77,1,ZY,21,X,2,15,7,0000001100010000
78,1,YX,14,X,1,14,1,0000010000000100
79,1,ZX,15,X,1,14,2,0000010001000100
80,1,YY,17,X,1,14,5,0000010001010000
80,1,ZY,17,X,1,14,5,0000010001010000
81,1,YX,17,X,1,14,5,0000010001010100
81,1,ZX,17,X,1,14,5,0000010001010100
82,1,ZX,16,X,1,14,4,0000010010010100
83,1,YZ,15,X,1,14,2,0000010011000000
84,1,YX,16,X,1,14,4,0000010011000100
85,1,YY,16,X,1,14,4,0000011011000000
86,1,YX,12,X,0,13,0,0000100000001000
87,1,YZ,13,X,0,13,1,0000110000000000
87,1,ZZ,13,X,0,13,1,0000110000000000
88,1,YY,13,X,0,13,1,0000110010000000
88,1,ZY,13,X,0,13,1,0000110010000000
89,1,ZY,8,Z,3,4,12,0001000000010000
90,1,ZX,11,Z,3,8,12,0001000100010000
90,1,ZY,11,Z,3,8,12,0001000100010000
91,1,YY,10,Z,3,7,12,0001001000000000
92,1,ZY,10,Z,3,7,12,0001001000010000
93,1,XY,9,Z,3,5,12,0001001001000000
94,1,YX,10,Z,3,7,12,0001001100000000
95,1,ZX,10,Z,3,7,12,0001001100010000
96,1,ZX,9,Z,3,5,12,0001010000010000
97,1,YY,9,Z,3,5,12,0001011001000000
98,1,XX,7,Z,2,6,11,0010000000000000
98,1,XY,7,Z,2,6,11,0010000000000000
99,1,ZY,6,Z,2,3,11,0010000000100000
100,1,XX,6,Z,2,3,11,0010000010000000
100,1,YY,6,Z,2,3,11,0010000010000000
101,1,YX,7,Z,2,6,11,0010001000000000
101,1,YY,7,Z,2,6,11,0010001000000000
102,1,XY,6,Z,2,3,11,0010001010000000
102,1,YX,6,Z,2,3,11,0010001010000000
103,1,YZ,2,Z,0,3,9,0010010010000000
104,1,XZ,2,Z,0,3,9,0010011010000000
105,1,XX,4,Z,1,2,10,0100000000000000
105,1,YY,4,Z,1,2,10,0100000000000000
106,1,ZY,4,Z,1,2,10,0100000001000000
107,1,XY,4,Z,1,2,10,0100010000000000
107,1,YX,4,Z,1,2,10,0100010000000000
108,1,XX,5,Z,1,5,10,0101000000000000
108,1,XY,5,Z,1,5,10,0101000000000000
109,1,YX,5,Z,1,5,10,0101010000000000
109,1,YY,5,Z,1,5,10,0101010000000000
110,1,ZY,0,Z,0,0,9,1000000010000000
111,1,ZX,2,Z,0,3,9,1000001010000000
112,1,XY,1,Z,0,1,9,1000010000000000
113,1,ZY,2,Z,0,3,9,1000010010000000
114,1,ZX,3,Z,0,4,9,1000011010000000
114,1,ZY,3,Z,0,4,9,1000011010000000
115,1,YX,1,Z,0,1,9,1000110000000000
116,1,ZX,1,Z,0,1,9,1000110010000000
117,1,XX,3,Z,0,4,9,1001000000000000
117,1,XY,3,Z,0,4,9,1001000000000000
118,1,YX,3,Z,0,4,9,1001011000000000
118,1,YY,3,Z,0,4,9,1001011000000000
119,1,XX,2,Z,0,3,9,1010000000000000
120,1,YX,2,Z,0,3,9,1010001000000000
121,1,YY,2,Z,0,3,9,1010010000000000
122,1,XY,2,Z,0,3,9,1010011000000000
