group_id,size,b0,b1,b2,b3,b4,b5,b6,b7,b8,b9,b10,b11,b12,b13,b14,b15,b16,b17,b18,b19,b20,b21,b22,b23,members
0,16,0,0,0,0,0,0,0,0,0,0,0,0,0,0,0,0,0,0,0,0,0,0,0,0,C:cnot00:ZZ;C:cnot03:IZ;C:cnot04:ZZ;C:cnot05:IZ;C:cnot06:ZZ;C:cnot07:IZ;C:cnot08:ZZ;C:cnot11:IZ;C:cnot12:XX;C:cnot13:XI;C:cnot14:XX;C:cnot17:XI;C:cnot18:XX;C:cnot21:XI;C:cnot22:XX;C:cnot23:XI
1,12,0,0,0,0,0,0,1,0,0,0,0,0,0,0,1,0,0,0,0,0,0,0,1,0,A:data3:Z;A:data6:Z;C:cnot02:ZI;C:cnot06:IZ;C:cnot06:ZI;C:cnot07:ZI;C:cnot07:ZZ;C:cnot09:IZ;C:cnot10:ZZ;C:cnot18:YY;C:cnot18:ZZ;C:cnot20:ZZ
2,12,0,0,0,0,0,1,0,0,0,0,0,0,0,1,0,0,0,0,0,0,0,1,0,0,A:data2:Z;A:data5:Z;C:cnot01:IZ;C:cnot02:ZZ;C:cnot04:IZ;C:cnot04:ZI;C:cnot05:ZI;C:cnot05:ZZ;C:cnot09:ZI;C:cnot15:ZZ;C:cnot17:YZ;C:cnot17:ZZ
3,10,0,0,0,0,0,0,0,0,0,0,0,1,0,0,0,0,0,0,0,1,0,0,0,0,C:cnot10:XI;C:cnot11:XI;C:cnot11:XZ;C:cnot20:XI;C:cnot21:IX;C:cnot21:XX;C:cnot22:IX;C:cnot22:XI;C:cnot23:IX;C:cnot23:XX
4,10,0,0,0,0,0,0,0,0,1,0,0,0,0,0,0,0,1,0,0,0,0,0,0,0,C:cnot00:XI;C:cnot00:YZ;C:cnot01:XI;C:cnot12:IX;C:cnot12:XI;C:cnot13:IX;C:cnot13:XX;C:cnot14:IX;C:cnot14:XI;C:cnot15:XX
5,8,0,0,0,0,0,1,1,0,0,0,0,0,0,1,1,0,0,0,0,0,0,1,1,0,A:data4:Z;C:cnot02:IZ;C:cnot03:ZI;C:cnot03:ZZ;C:cnot08:IZ;C:cnot08:ZI;C:cnot09:ZZ;C:cnot16:ZZ
6,6,0,0,0,0,0,0,0,1,0,0,0,0,0,0,0,1,0,0,0,0,0,0,0,1,A:data8:Z;C:cnot10:IZ;C:cnot11:ZI;C:cnot11:ZZ;C:cnot23:YZ;C:cnot23:ZZ
7,6,0,0,0,0,0,0,1,0,0,0,0,0,0,0,0,0,0,0,0,0,0,0,0,0,C:cnot18:YX;C:cnot18:ZI;C:cnot19:ZI;C:cnot20:ZI;C:cnot21:YI;C:cnot21:ZI
8,6,0,0,0,0,0,1,0,0,0,0,0,0,0,0,0,0,0,0,0,0,0,0,0,0,C:cnot14:YX;C:cnot14:ZI;C:cnot15:ZI;C:cnot16:ZI;C:cnot17:YI;C:cnot17:ZI
9,6,0,0,0,0,1,0,0,0,0,0,0,0,1,0,0,0,0,0,0,0,1,0,0,0,A:data0:Z;C:cnot00:IZ;C:cnot00:ZI;C:cnot01:ZZ;C:cnot12:YY;C:cnot12:ZZ
10,6,0,0,0,1,0,0,0,0,0,0,0,0,0,0,0,0,0,0,0,0,0,0,0,0,C:cnot08:IX;C:cnot08:ZY;C:cnot09:IX;C:cnot10:IX;C:cnot11:IX;C:cnot11:IY
11,6,1,0,0,0,0,0,0,0,0,0,0,0,0,0,0,0,0,0,0,0,0,0,0,0,C:cnot00:IX;C:cnot00:ZY;C:cnot01:IX;C:cnot02:IX;C:cnot03:IX;C:cnot03:IY
12,5,0,0,0,0,0,0,0,0,1,0,1,0,0,0,0,0,1,0,1,0,0,0,0,0,C:cnot06:XI;C:cnot06:YZ;C:cnot18:IX;C:cnot18:XI;C:cnot19:XX
13,5,0,0,0,0,0,0,0,1,0,0,0,1,0,0,0,1,0,0,0,1,0,0,0,1,C:cnot10:XZ;C:cnot11:YI;C:cnot11:YZ;C:cnot23:YY;C:cnot23:ZY
14,5,0,0,0,0,1,0,0,0,1,0,0,0,1,0,0,0,1,0,0,0,1,0,0,0,C:cnot00:XZ;C:cnot00:YI;C:cnot01:YZ;C:cnot12:YZ;C:cnot12:ZY
15,5,0,0,0,1,0,0,0,0,0,0,0,1,0,0,0,0,0,0,0,1,0,0,0,0,A:data7:X;A:data8:X;C:cnot10:XX;C:cnot11:XX;C:cnot11:XY
16,5,1,0,0,0,0,0,0,0,1,0,0,0,0,0,0,0,1,0,0,0,0,0,0,0,A:data0:X;A:data1:X;C:cnot00:XX;C:cnot00:YY;C:cnot01:XX
17,4,0,0,0,0,0,0,0,0,0,1,0,1,0,0,0,0,0,1,0,1,0,0,0,0,C:cnot09:XI;C:cnot16:XI;C:cnot17:IX;C:cnot17:XX
18,4,0,0,0,0,0,0,0,0,1,0,0,1,0,0,0,0,1,0,0,1,0,0,0,0,C:cnot08:XI;C:cnot08:YZ;C:cnot16:IX;C:cnot19:IX
19,4,0,0,0,0,0,0,0,1,0,0,0,0,0,0,0,0,0,0,0,0,0,0,0,0,C:cnot22:YX;C:cnot22:ZI;C:cnot23:YI;C:cnot23:ZI
20,4,0,0,0,0,0,0,0,1,0,0,0,0,0,0,1,1,0,0,0,0,0,0,1,1,C:cnot21:IZ;C:cnot21:XZ;C:cnot22:YY;C:cnot22:ZZ
21,4,0,0,0,0,0,0,0,1,0,0,0,1,0,0,0,0,0,0,0,1,0,0,0,0,C:cnot22:YI;C:cnot22:ZX;C:cnot23:YX;C:cnot23:ZX
22,4,0,0,0,0,0,0,0,1,0,0,0,1,0,0,1,1,0,0,0,1,0,0,1,1,C:cnot21:IY;C:cnot21:XY;C:cnot22:YZ;C:cnot22:ZY
23,4,0,0,0,0,0,0,1,0,1,0,1,0,0,0,1,0,1,0,1,0,0,0,1,0,C:cnot06:XZ;C:cnot06:YI;C:cnot18:YZ;C:cnot18:ZY
24,4,0,0,0,0,0,0,1,1,0,0,0,0,0,0,1,1,0,0,0,0,0,0,1,1,A:data7:Z;C:cnot10:ZI;C:cnot21:YZ;C:cnot21:ZZ
25,4,0,0,0,0,0,1,0,0,0,0,0,0,1,1,0,0,0,0,0,0,1,1,0,0,C:cnot13:IZ;C:cnot13:XZ;C:cnot14:YY;C:cnot14:ZZ
26,4,0,0,0,0,0,1,0,0,1,0,0,0,1,1,0,0,1,0,0,0,1,1,0,0,C:cnot13:IY;C:cnot13:XY;C:cnot14:YZ;C:cnot14:ZY
27,4,0,0,0,0,1,0,0,0,0,0,0,0,0,0,0,0,0,0,0,0,0,0,0,0,C:cnot12:YX;C:cnot12:ZI;C:cnot13:YI;C:cnot13:ZI
28,4,0,0,0,0,1,0,0,0,1,0,0,0,0,0,0,0,1,0,0,0,0,0,0,0,C:cnot12:YI;C:cnot12:ZX;C:cnot13:YX;C:cnot13:ZX
29,4,0,0,0,0,1,1,0,0,0,0,0,0,1,1,0,0,0,0,0,0,1,1,0,0,A:data1:Z;C:cnot01:ZI;C:cnot13:YZ;C:cnot13:ZZ
30,4,0,0,0,1,0,0,0,0,1,0,0,1,0,0,0,0,1,0,0,1,0,0,0,0,C:cnot03:XI;C:cnot03:XZ;C:cnot08:XX;C:cnot08:YY
31,4,0,0,0,1,0,0,0,1,0,0,0,1,0,0,0,1,0,0,0,1,0,0,0,1,A:data8:Y;C:cnot10:XY;C:cnot11:YX;C:cnot11:YY
32,4,0,0,0,1,0,1,1,0,1,0,0,1,0,1,1,0,1,0,0,1,0,1,1,0,C:cnot03:YI;C:cnot03:YZ;C:cnot08:XY;C:cnot08:YX
33,4,0,0,1,0,0,0,0,0,0,0,0,0,0,0,0,0,0,0,0,0,0,0,0,0,C:cnot06:IX;C:cnot06:ZY;C:cnot07:IX;C:cnot07:IY
34,4,0,0,1,0,0,0,1,0,0,0,0,0,0,0,1,0,0,0,0,0,0,0,1,0,C:cnot06:IY;C:cnot06:ZX;C:cnot07:ZX;C:cnot07:ZY
35,4,0,1,0,0,0,0,0,0,0,0,0,0,0,0,0,0,0,0,0,0,0,0,0,0,C:cnot04:IX;C:cnot04:ZY;C:cnot05:IX;C:cnot05:IY
36,4,0,1,0,0,0,1,0,0,0,0,0,0,0,1,0,0,0,0,0,0,0,1,0,0,C:cnot04:IY;C:cnot04:ZX;C:cnot05:ZX;C:cnot05:ZY
37,4,1,0,0,0,1,0,0,0,1,0,0,0,1,0,0,0,1,0,0,0,1,0,0,0,A:data0:Y;C:cnot00:XY;C:cnot00:YX;C:cnot01:YY
38,3,0,0,0,0,0,0,0,0,0,0,0,0,0,0,1,0,0,0,0,0,0,0,1,0,C:cnot18:IZ;C:cnot18:XY;C:cnot20:IZ
39,3,0,0,0,0,0,0,0,0,0,0,0,0,0,1,0,0,0,0,0,0,0,1,0,0,C:cnot15:IZ;C:cnot17:IZ;C:cnot17:XZ
40,3,0,0,0,0,0,0,0,0,0,0,1,0,0,0,0,0,0,0,1,0,0,0,0,0,C:cnot07:XI;C:cnot07:XZ;C:cnot20:IX
41,3,0,0,0,0,0,0,0,0,0,1,0,0,0,0,0,0,0,1,0,0,0,0,0,0,C:cnot04:XI;C:cnot04:YZ;C:cnot15:IX
42,3,0,0,0,0,0,0,1,0,0,0,0,1,0,0,0,0,0,0,0,1,0,0,0,0,C:cnot20:YI;C:cnot21:YX;C:cnot21:ZX
43,3,0,0,0,0,0,0,1,0,0,0,1,0,0,0,1,0,0,0,1,0,0,0,1,0,C:cnot07:YI;C:cnot07:YZ;C:cnot20:ZY
44,3,0,0,0,0,0,0,1,0,1,0,1,0,0,0,0,0,1,0,1,0,0,0,0,0,C:cnot18:YI;C:cnot18:ZX;C:cnot19:YX
45,3,0,0,0,0,0,0,1,1,0,0,0,1,0,0,1,1,0,0,0,1,0,0,1,1,C:cnot10:YI;C:cnot21:YY;C:cnot21:ZY
46,3,0,0,0,0,0,1,0,0,0,1,0,0,0,1,0,0,0,1,0,0,0,1,0,0,C:cnot04:XZ;C:cnot04:YI;C:cnot15:ZY
47,3,0,0,0,0,0,1,0,0,0,1,0,1,0,0,0,0,0,1,0,1,0,0,0,0,C:cnot16:YI;C:cnot17:YX;C:cnot17:ZX
48,3,0,0,0,0,0,1,0,0,0,1,0,1,0,1,0,0,0,1,0,1,0,1,0,0,C:cnot09:YI;C:cnot17:YY;C:cnot17:ZY
49,3,0,0,0,0,0,1,0,0,1,0,0,0,0,0,0,0,1,0,0,0,0,0,0,0,C:cnot14:YI;C:cnot14:ZX;C:cnot15:YX
50,3,0,0,0,0,0,1,1,0,1,0,0,1,0,1,1,0,1,0,0,1,0,1,1,0,C:cnot08:XZ;C:cnot08:YI;C:cnot16:ZY
51,3,0,0,0,0,1,1,0,0,1,0,0,0,1,1,0,0,1,0,0,0,1,1,0,0,C:cnot01:YI;C:cnot13:YY;C:cnot13:ZY
52,3,0,0,0,1,0,0,0,0,0,1,0,1,0,0,0,0,0,1,0,1,0,0,0,0,C:cnot05:XI;C:cnot05:XZ;C:cnot09:XX
53,3,0,0,0,1,0,0,0,1,0,0,0,0,0,0,0,1,0,0,0,0,0,0,0,1,C:cnot10:IY;C:cnot11:ZX;C:cnot11:ZY
54,3,0,0,0,1,0,1,0,0,0,1,0,1,0,1,0,0,0,1,0,1,0,1,0,0,C:cnot05:YI;C:cnot05:YZ;C:cnot09:YX
55,3,0,0,0,1,0,1,1,0,0,0,0,0,0,1,1,0,0,0,0,0,0,1,1,0,C:cnot08:IY;C:cnot08:ZX;C:cnot09:ZY
56,3,0,0,1,0,0,0,0,0,0,0,1,0,0,0,0,0,0,0,1,0,0,0,0,0,A:data6:X;C:cnot07:XX;C:cnot07:XY
57,3,0,0,1,0,0,0,0,0,1,0,1,0,0,0,0,0,1,0,1,0,0,0,0,0,C:cnot02:XI;C:cnot06:XX;C:cnot06:YY
58,3,0,0,1,0,0,0,1,0,0,0,1,0,0,0,1,0,0,0,1,0,0,0,1,0,A:data6:Y;C:cnot07:YX;C:cnot07:YY
59,3,0,0,1,0,0,0,1,0,1,0,1,0,0,0,1,0,1,0,1,0,0,0,1,0,C:cnot02:YI;C:cnot06:XY;C:cnot06:YX
60,3,0,1,0,0,0,0,0,0,0,1,0,0,0,0,0,0,0,1,0,0,0,0,0,0,A:data2:X;C:cnot04:XX;C:cnot04:YY
61,3,0,1,0,0,0,1,0,0,0,1,0,0,0,1,0,0,0,1,0,0,0,1,0,0,A:data2:Y;C:cnot04:XY;C:cnot04:YX
62,3,0,1,0,1,0,0,0,0,0,1,0,1,0,0,0,0,0,1,0,1,0,0,0,0,A:data5:X;C:cnot05:XX;C:cnot05:XY
63,3,0,1,0,1,0,1,0,0,0,1,0,1,0,1,0,0,0,1,0,1,0,1,0,0,A:data5:Y;C:cnot05:YX;C:cnot05:YY
64,3,1,0,0,0,0,1,1,0,0,0,0,0,0,1,1,0,0,0,0,0,0,1,1,0,C:cnot02:IY;C:cnot03:ZX;C:cnot03:ZY
65,3,1,0,0,0,1,0,0,0,0,0,0,0,1,0,0,0,0,0,0,0,1,0,0,0,C:cnot00:IY;C:cnot00:ZX;C:cnot01:ZY
66,3,1,0,0,1,0,0,0,0,1,0,0,1,0,0,0,0,1,0,0,1,0,0,0,0,A:data4:X;C:cnot03:XX;C:cnot03:XY
67,3,1,0,0,1,0,1,1,0,1,0,0,1,0,1,1,0,1,0,0,1,0,1,1,0,A:data4:Y;C:cnot03:YX;C:cnot03:YY
68,2,0,0,0,0,0,0,0,0,0,0,0,0,0,0,0,1,0,0,0,0,0,0,0,1,C:cnot23:IZ;C:cnot23:XZ
69,2,0,0,0,0,0,0,0,0,0,0,0,0,0,0,1,1,0,0,0,0,0,0,1,1,C:cnot22:IZ;C:cnot22:XY
70,2,0,0,0,0,0,0,0,0,0,0,0,0,1,0,0,0,0,0,0,0,1,0,0,0,C:cnot12:IZ;C:cnot12:XY
71,2,0,0,0,0,0,0,0,0,0,0,0,0,1,1,0,0,0,0,0,0,1,1,0,0,C:cnot14:IZ;C:cnot14:XY
72,2,0,0,0,0,0,0,0,0,0,0,0,1,0,0,0,1,0,0,0,1,0,0,0,1,C:cnot23:IY;C:cnot23:XY
73,2,0,0,0,0,0,0,0,0,0,0,0,1,0,0,1,1,0,0,0,1,0,0,1,1,C:cnot22:IY;C:cnot22:XZ
74,2,0,0,0,0,0,0,0,0,0,0,1,1,0,0,0,0,0,0,1,1,0,0,0,0,C:cnot19:XI;C:cnot20:XX
75,2,0,0,0,0,0,0,0,0,0,1,0,1,0,1,0,0,0,1,0,1,0,1,0,0,C:cnot17:IY;C:cnot17:XY
76,2,0,0,0,0,0,0,0,0,1,0,0,0,1,0,0,0,1,0,0,0,1,0,0,0,C:cnot12:IY;C:cnot12:XZ
77,2,0,0,0,0,0,0,0,0,1,0,0,0,1,1,0,0,1,0,0,0,1,1,0,0,C:cnot14:IY;C:cnot14:XZ
78,2,0,0,0,0,0,0,0,0,1,0,1,0,0,0,1,0,1,0,1,0,0,0,1,0,C:cnot18:IY;C:cnot18:XZ
79,2,0,0,0,0,0,0,0,0,1,1,0,0,0,0,0,0,1,1,0,0,0,0,0,0,C:cnot15:XI;C:cnot16:XX
80,2,0,0,0,0,0,0,1,0,0,0,0,0,0,1,1,0,0,0,0,0,0,1,1,0,C:cnot16:IZ;C:cnot19:ZZ
81,2,0,0,0,0,0,0,1,0,0,0,0,1,0,0,1,0,0,0,0,1,0,0,1,0,C:cnot10:YZ;C:cnot20:YZ
82,2,0,0,0,0,0,0,1,0,0,0,1,1,0,0,0,0,0,0,1,1,0,0,0,0,C:cnot19:YI;C:cnot20:YX
83,2,0,0,0,0,0,0,1,0,1,0,0,1,0,1,1,0,1,0,0,1,0,1,1,0,C:cnot16:IY;C:cnot19:ZY
84,2,0,0,0,0,0,1,0,0,1,0,0,0,0,1,0,0,1,0,0,0,0,1,0,0,C:cnot01:XZ;C:cnot15:YY
85,2,0,0,0,0,0,1,0,0,1,1,0,0,0,0,0,0,1,1,0,0,0,0,0,0,C:cnot15:YI;C:cnot16:YX
86,2,0,0,0,0,0,1,1,0,0,1,0,1,0,1,1,0,0,1,0,1,0,1,1,0,C:cnot09:YZ;C:cnot16:YZ
87,2,0,0,0,1,0,0,1,0,0,0,0,0,0,0,1,0,0,0,0,0,0,0,1,0,C:cnot09:IY;C:cnot10:ZY
88,2,0,0,0,1,0,0,1,1,0,0,0,1,0,0,1,1,0,0,0,1,0,0,1,1,A:data7:Y;C:cnot10:YX
89,2,1,0,0,0,0,1,0,0,0,0,0,0,0,1,0,0,0,0,0,0,0,1,0,0,C:cnot01:IY;C:cnot02:ZY
90,2,1,0,0,0,1,1,0,0,1,0,0,0,1,1,0,0,1,0,0,0,1,1,0,0,A:data1:Y;C:cnot01:YX
91,2,1,0,1,0,0,0,0,0,1,0,1,0,0,0,0,0,1,0,1,0,0,0,0,0,A:data3:X;C:cnot02:XX
92,2,1,0,1,0,0,0,1,0,1,0,1,0,0,0,1,0,1,0,1,0,0,0,1,0,A:data3:Y;C:cnot02:YX
93,1,0,0,0,0,0,0,0,0,0,0,0,0,0,1,1,0,0,0,0,0,0,1,1,0,C:cnot19:IZ
94,1,0,0,0,0,0,0,0,0,0,0,0,1,0,0,1,0,0,0,0,1,0,0,1,0,C:cnot20:XZ
95,1,0,0,0,0,0,0,0,0,0,0,1,0,0,0,1,0,0,0,1,0,0,0,1,0,C:cnot20:IY
96,1,0,0,0,0,0,0,0,0,0,0,1,1,0,0,1,0,0,0,1,1,0,0,1,0,C:cnot20:XY
97,1,0,0,0,0,0,0,0,0,0,0,1,1,0,1,1,0,0,0,1,1,0,1,1,0,C:cnot19:XZ
98,1,0,0,0,0,0,0,0,0,0,1,0,0,0,1,0,0,0,1,0,0,0,1,0,0,C:cnot15:IY
99,1,0,0,0,0,0,0,0,0,1,0,0,0,0,1,0,0,1,0,0,0,0,1,0,0,C:cnot15:XY
100,1,0,0,0,0,0,0,0,0,1,0,0,1,0,1,1,0,1,0,0,1,0,1,1,0,C:cnot19:IY
101,1,0,0,0,0,0,0,0,0,1,0,1,0,0,1,1,0,1,0,1,0,0,1,1,0,C:cnot19:XY
102,1,0,0,0,0,0,0,0,0,1,1,0,0,0,1,0,0,1,1,0,0,0,1,0,0,C:cnot15:XZ
103,1,0,0,0,0,0,0,1,0,0,0,1,0,0,0,0,0,0,0,1,0,0,0,0,0,C:cnot20:ZX
104,1,0,0,0,0,0,0,1,0,0,0,1,1,0,0,1,0,0,0,1,1,0,0,1,0,C:cnot20:YY
105,1,0,0,0,0,0,0,1,0,0,0,1,1,0,1,1,0,0,0,1,1,0,1,1,0,C:cnot19:YZ
106,1,0,0,0,0,0,0,1,0,0,1,0,1,0,0,1,0,0,1,0,1,0,0,1,0,C:cnot09:XZ
107,1,0,0,0,0,0,0,1,0,0,1,0,1,0,1,1,0,0,1,0,1,0,1,1,0,C:cnot16:XZ
108,1,0,0,0,0,0,0,1,0,1,0,0,1,0,0,0,0,1,0,0,1,0,0,0,0,C:cnot19:ZX
109,1,0,0,0,0,0,0,1,0,1,0,1,0,0,1,1,0,1,0,1,0,0,1,1,0,C:cnot19:YY
110,1,0,0,0,0,0,0,1,0,1,1,0,0,0,1,1,0,1,1,0,0,0,1,1,0,C:cnot16:XY
111,1,0,0,0,0,0,1,0,0,0,1,0,0,0,0,0,0,0,1,0,0,0,0,0,0,C:cnot15:ZX
112,1,0,0,0,0,0,1,0,0,1,0,0,1,0,0,0,0,1,0,0,1,0,0,0,0,C:cnot16:ZX
113,1,0,0,0,0,0,1,0,0,1,1,0,0,0,1,0,0,1,1,0,0,0,1,0,0,C:cnot15:YZ
114,1,0,0,0,0,0,1,1,0,1,1,0,0,0,1,1,0,1,1,0,0,0,1,1,0,C:cnot16:YY
115,1,0,0,0,1,0,0,1,0,0,0,0,1,0,0,1,0,0,0,0,1,0,0,1,0,C:cnot10:YY
116,1,0,0,0,1,0,0,1,0,0,1,0,1,0,0,1,0,0,1,0,1,0,0,1,0,C:cnot09:XY
117,1,0,0,0,1,0,0,1,1,0,0,0,0,0,0,1,1,0,0,0,0,0,0,1,1,C:cnot10:ZX
118,1,0,0,0,1,0,1,0,0,0,0,0,0,0,1,0,0,0,0,0,0,0,1,0,0,C:cnot09:ZX
119,1,0,0,0,1,0,1,1,0,0,1,0,1,0,1,1,0,0,1,0,1,0,1,1,0,C:cnot09:YY
120,1,0,0,1,0,0,1,0,0,1,0,1,0,0,1,0,0,1,0,1,0,0,1,0,0,C:cnot02:YZ
121,1,0,0,1,0,0,1,1,0,1,0,1,0,0,1,1,0,1,0,1,0,0,1,1,0,C:cnot02:XZ
122,1,1,0,0,0,0,0,1,0,0,0,0,0,0,0,1,0,0,0,0,0,0,0,1,0,C:cnot02:ZX
123,1,1,0,0,0,0,1,0,0,1,0,0,0,0,1,0,0,1,0,0,0,0,1,0,0,C:cnot01:XY
124,1,1,0,0,0,1,1,0,0,0,0,0,0,1,1,0,0,0,0,0,0,1,1,0,0,C:cnot01:ZX
125,1,1,0,1,0,0,1,0,0,1,0,1,0,0,1,0,0,1,0,1,0,0,1,0,0,C:cnot02:YY
126,1,1,0,1,0,0,1,1,0,1,0,1,0,0,1,1,0,1,0,1,0,0,1,1,0,C:cnot02:XY
